zl-code,Zila Name,upz-code,Upazila Name,% Extreme poor,% Poor,Total Area (A)(square km),Population (P),Density (per square km),Household (HH),Population per Household (P/HH),Literacy Rate (%)
1,BAGERHAT,108,BAGERHAT SADAR,18.6,35.9,272.73,266000,977,64022,4.15482178,63.6
1,BAGERHAT,114,CHITALMARI,30,50,131.63,97000,737,23201,4.180854274,56.8
1,BAGERHAT,134,FAKIRHAT,19.2,36.4,335.45,155000,462,38173,4.060461583,58
1,BAGERHAT,138,KACHUA,23.6,42.5,756.6,119000,157,28581,4.163605192,58.9
1,BAGERHAT,156,MOLLAHAT,26.7,46.1,191.99,139000,723,30264,4.592915675,56.2
1,BAGERHAT,158,MONGLA,22.7,41.9,460.9,295000,639,75968,3.883213985,60.7
1,BAGERHAT,160,MORRELGANJ,27,46.5,1461.2,137000,93,32383,4.230614829,57.2
1,BAGERHAT,173,RAMPAL,22.5,41.1,187.88,131000,697,28498,4.596813811,50
1,BAGERHAT,177,SARANKHOLA,28.2,48,160.68,138000,858,33133,4.165031841,62
3,BANDARBAN,304,ALIKADAM,23.2,42.9,885.77,49317,56,9422,5.234239015,31.3
3,BANDARBAN,314,BANDARBAN Sadar,15.6,30.8,501.98,88282,176,18934,4.662617513,49.3
3,BANDARBAN,351,LAMA,21.6,41,671.83,108995,162,22447,4.855659999,34
3,BANDARBAN,373,NAIKHONGCHHARI,26.3,46,463.6,61788,133,12218,5.057128826,31.3
3,BANDARBAN,389,ROWANGCHHARI,16.2,32.9,442.88,27264,62,6292,4.333121424,31
3,BANDARBAN,391,RUMA,23.4,42.3,492.09,29038,59,5917,4.907554504,28.9
3,BANDARBAN,395,THANCHI,31.7,53,1020.82,23591,23,4872,4.842159278,26.9
4,BARGUNA,409,AMTALI,12,22.8,720.75,271000,376,63212,4.287160666,52.8
4,BARGUNA,419,BAMNA,8.9,17.1,101.05,79000,787,19537,4.043609561,61.1
4,BARGUNA,428,BARGUNA Sadar,9.9,19.2,454.38,262000,575,62086,4.219952968,61.8
4,BARGUNA,447,BETAGI,10.3,19.6,167.75,117000,698,27922,4.190244252,60.1
4,BARGUNA,485,PATHARGHATA,6.1,12.9,387.36,164000,423,43085,3.806429152,60.5
6,BARISAL,602,AGAILJHARA,38.2,51.1,155.47,149456,961,32839,4.551173909,62.9
6,BARISAL,603,BABUGANJ,36.8,48.7,164.87,140361,851,31663,4.432965922,68.8
6,BARISAL,607,BAKERGANJ,42.2,55.4,411.36,313845,851,71537,4.387170276,63.3
6,BARISAL,610,BANARI Para,38.1,52.2,134.3,148188,1103,34186,4.334756918,67.2
6,BARISAL,632,GAURNADI,39.9,55.5,263.56,198739,1625,42065,4.724569119,60.9
6,BARISAL,636,HIZLA,49.5,62.3,150.54,188586,1253,41561,4.537571281,40.8
6,BARISAL,651,BARISAL Sadar,31,49.9,515.36,146077,283,30529,4.784860297,69.3
6,BARISAL,662,MHENDIGANJ,50,64.4,413.16,301046,719,65231,4.615075654,56
6,BARISAL,669,MULADI,44.1,58.2,284.66,174775,670,38394,4.552143564,48.6
6,BARISAL,694,WAZIRPUR,37.8,52.1,1106.31,234959,946,52959,4.436620782,62.5
9,BHOLA,918,BHOLA Sadar,35.7,49.2,316.99,430520,1042,88068,4.888495254,45.2
9,BHOLA,921,BURHANUDDIN,16.3,28.3,396.24,233860,822,48534,4.818477768,47.9
9,BHOLA,925,CHAR FASSON,14.9,28.2,373.18,456437,413,94649,4.822417564,43.5
9,BHOLA,929,DAULAT KHAN,18,30.3,512.91,168537,532,34670,4.86117681,41.6
9,BHOLA,954,LALMOHAN,15.2,27.8,168.83,283889,716,60988,4.654833738,40
9,BHOLA,965,MANPURA,19.4,32.8,176.58,76582,205,17080,4.483723653,32.1
9,BHOLA,991,TAZUMUDDIN,11.3,22.3,247.73,126940,247,28734,4.417762929,42.9
10,BOGRA,1006,ADAMDIGHI,5.1,13.1,162.44,195000,1156,49600,3.931451613,54.6
10,BOGRA,1020,BOGRA SADAR,9.1,17.6,239.61,555000,3143,131862,4.208945716,65.7
10,BOGRA,1027,DHUNAT,7.3,19.8,240.42,292000,1180,74897,3.898687531,35.6
10,BOGRA,1033,DHUPCHANCHIA,5.1,13.2,265.22,177000,1088,45390,3.899537343,51.7
10,BOGRA,1040,GABTALI,5.7,15.6,408.5,320000,1334,83411,3.836424452,46.6
10,BOGRA,1054,KAHALOO,4,11.7,221.69,222000,925,58261,3.81043923,52.1
10,BOGRA,1067,NANDIGRAM,6.3,16.1,295.93,181000,682,45853,3.947397117,47.5
10,BOGRA,1081,SARIAKANDI,8.7,21.6,314.92,271000,663,75614,3.583992382,36.9
10,BOGRA,1085,SHAJAHANPUR,5,12.5,156.75,290000,1307,72685,3.989819082,57.7
10,BOGRA,1088,SHERPUR,5.6,15.7,418.96,333000,1125,81753,4.073245019,43
10,BOGRA,1094,SHIBGANJ,6.3,16.9,260.85,378000,1203,99242,3.808871244,44.1
10,BOGRA,1095,SONATOLA,10.3,23.7,248.36,187000,1191,48569,3.85019251,43.2
12,BRAHMANBARIA,1202,AKHAURA,12.9,26.9,98.04,145000,1481,27831,5.210017606,52.7
12,BRAHMANBARIA,1204,ASHUGANJ,9.6,21.8,237.34,180000,2673,33552,5.364806867,51.2
12,BRAHMANBARIA,1207,BANCHHARAMPUR,13.2,27.3,67.59,298000,1593,59699,4.991708404,38.5
12,BRAHMANBARIA,1213,BIJOYNAGAR,19.1,35.8,187.3,257000,1163,48617,5.286216755,48.2
12,BRAHMANBARIA,1233,BRAHMANBARIA SADAR,12.2,26,221.17,522000,1420,95802,5.448738022,53.4
12,BRAHMANBARIA,1263,KASBA,11.9,25.5,209.77,319000,1293,60919,5.236461531,50.7
12,BRAHMANBARIA,1285,NABINAGAR,15,30.5,350.32,493000,1409,94871,5.196530025,43.6
12,BRAHMANBARIA,1290,NASIRNAGAR,25,43.7,294.36,309000,1050,59024,5.23515858,34.9
12,BRAHMANBARIA,1294,SARAIL,15.5,31.1,215.27,315000,1464,58622,5.3734093,40.9
13,CHANDPUR,1322,CHANDPUR SADAR,25.9,45.5,308.77,465919,1509,98109,4.748993466,56.1
13,CHANDPUR,1345,FARIDGANJ,26.8,46.6,232.22,396683,1708,85678,4.629928336,58.1
13,CHANDPUR,1347,HAIM CHAR,41,61.3,134.16,109575,817,24903,4.40007228,48.1
13,CHANDPUR,1349,HAJIGANJ,32.5,53.7,189.9,330477,1740,65697,5.030321019,60.6
13,CHANDPUR,1358,KACHUA,35,56.3,235.81,382139,1621,76642,4.986025939,53.8
13,CHANDPUR,1376,MATLAB DAKSHIN,32.4,53.7,129.32,210050,1624,45569,4.609493296,56.7
13,CHANDPUR,1379,MATLAB UTTAR,28.6,49.9,260.29,292053,1122,63784,4.578781513,54.4
13,CHANDPUR,1395,SHAHRASTI,29.5,50.5,154.81,229118,1480,46139,4.965820672,62.7
15,CHITTAGONG,1504,ANOWARA,5.6,15.5,164.1,259022,1578,49966,5.183965096,51.9
15,CHITTAGONG,1508,BANSHKHALI,11.3,27.9,376.9,431162,1144,84216,5.119715968,37.4
15,CHITTAGONG,1512,BOALKHALI,3.8,10.5,126.46,223125,1764,44108,5.058606149,58.9
15,CHITTAGONG,1518,CHANDANAISH,4.8,13.5,201.99,233017,1154,44438,5.243642828,53.6
15,CHITTAGONG,1533,FATIKCHHARI,7.1,17.6,773.54,526003,680,100009,5.25955664,51.4
15,CHITTAGONG,1537,HATHAZARI,0.1,1.1,246.32,431748,1753,81292,5.311076121,63.5
15,CHITTAGONG,1547,LOHAGARA,6.9,18.3,258.87,279913,1081,52873,5.294063132,49.2
15,CHITTAGONG,1553,MIRSHARAI,4.6,13.4,482.88,398716,826,79545,5.012458357,55.1
15,CHITTAGONG,1565,PATENGA,0.6,3.9,211.85,528120,2493,101599,5.198082658,54.9
15,CHITTAGONG,1570,RANGUNIA,5.1,14,361.53,339004,938,67792,5.000649044,48.9
15,CHITTAGONG,1574,RAOZAN,2.9,8.5,246.59,322840,1309,63375,5.094122288,62.3
15,CHITTAGONG,1578,SANDWIP,7.4,19.1,762.42,278605,365,56617,4.920871823,51.5
15,CHITTAGONG,1582,SATKANIA,5.5,15.2,280.97,384806,1370,70808,5.434498927,52.7
15,CHITTAGONG,1586,SITAKUNDA,3.6,11.5,483.96,387832,801,77279,5.018594961,59.2
18,CHUADANGA,1807,ALAMDANGA,9.9,26,365,346000,949,86299,4.009316446,45.7
18,CHUADANGA,1823,CHUADANGA SADAR,11.7,29.2,299,314000,1052,77144,4.070310069,47.6
18,CHUADANGA,1831,DAMURHUDA,10.5,27.1,312,289000,928,69836,4.138266796,44.2
18,CHUADANGA,1855,JIBAN NAGAR,11.5,29.1,208.03,180000,901,44185,4.073780695,46.1
19,COMILLA,1909,BARURA,20.2,37.9,241.69,405000,1676,82588,4.903860125,52.1
19,COMILLA,1915,BRAHMAN PARA,21.7,39.9,128.48,205000,1593,38068,5.385100347,54.7
19,COMILLA,1918,BURICHANG,17.3,33.3,163.76,302000,1843,58402,5.171055786,57
19,COMILLA,1927,CHANDINA,22.6,41.2,201.01,350000,1742,69736,5.01892853,51
19,COMILLA,1931,CHAUDDAGRAM,19,34.4,270.49,444000,1640,87475,5.075735925,56.9
19,COMILLA,1933,COMILLA SADAR,19.3,33.3,209.97,427000,2035,85090,5.018216007,55.4
19,COMILLA,1936,DAUDKANDI,21,38.5,314.99,350000,1111,69014,5.071434781,50.7
19,COMILLA,1940,DEBIDWAR,24.5,41.4,238.65,431000,1807,82695,5.211923333,58.8
19,COMILLA,1954,HOMNA,19.8,38.3,142.78,206000,1445,40370,5.102799108,39.7
19,COMILLA,1967,COMILLA ADARSHA,12.6,24.4,142.72,532000,3730,105783,5.029163476,65.7
19,COMILLA,1972,LAKSAM,20,37.4,156.79,295000,1880,57119,5.164656244,52.9
19,COMILLA,1974,MANOHARGANJ,28,47.1,159.33,245000,1537,44847,5.463018708,55.9
19,COMILLA,1975,MEGHNA,19,37.3,99.57,113000,1129,21617,5.22736735,44.6
19,COMILLA,1981,MURADNAGAR,27,45,340.73,523000,1537,101809,5.137070397,48.8
19,COMILLA,1987,NANGALKOT,26.2,45.1,225.95,374000,1655,72891,5.130948951,51.2
19,COMILLA,1994,TITAS,19.4,37.7,109.3,185000,1689,36068,5.129200399,43
22,COX'S BAZAR ,2216,CHAKARIA,13.2,28.5,503.83,474465,942,88391,5.367797626,47.6
22,COX'S BAZAR,2224,COX'S BAZAR,12.2,26.2,228.23,459082,2011,82683,5.55231426,49.2
22,COX'S BAZAR,2245,KUTUBDIA,13.8,31.1,215.79,125279,581,22587,5.546509054,34
22,COX'S BAZAR,2249,MAHESHKHALI,21.4,40.2,362.18,321218,887,58177,5.521391615,30.8
22,COX'S BAZAR,2256,PEKUA,14.3,30.9,139.68,171538,1229,31944,5.36995993,35.3
22,COX'S BAZAR,2266,RAMU,17.8,34.3,391.71,266640,681,47904,5.566132265,36.6
22,COX'S BAZAR,2290,TEKNAF,19.7,38.2,388.66,264389,680,46328,5.706894319,26.7
22,COX'S BAZAR,2294,UKHIA,20.1,37.8,261.8,207379,792,37940,5.465972588,36.3
26,DHAKA,2614,DHAMRAI,9.1,22.8,307.41,412418,1342,94776,4.35150249,50.8
26,DHAKA,2618,DOHAR,10.1,23.9,161.49,226439,1402,49400,4.583785425,57.5
26,DHAKA,2638,KERANIGANJ,10.2,25.9,166.87,794360,4760,177970,4.463448896,58.5
26,DHAKA,2672,SAVAR,18,34,280.11,1385910,4948,359084,3.859570463,68
27,DINAJPUR,2717,BIRAL,20.6,38.8,353.98,257925,729,61414,4.199775296,47.3
27,DINAJPUR,2710,BIRAMPUR,19,35.9,212.88,170806,802,42140,4.053298529,51.6
27,DINAJPUR,2712,BIRGANJ,24.8,43.1,413.11,317253,768,73895,4.29329454,48.1
27,DINAJPUR,2721,BOCHAGANJ,21,38.4,224.79,160049,712,39246,4.078097131,52.6
27,DINAJPUR,2764,DINAJPUR SADAR,16.5,28.2,312.69,292500,935,68415,4.275378207,52.9
27,DINAJPUR,2730,CHIRIRBANDAR,22.6,38.5,354.73,484597,1366,111779,4.335313431,64.3
27,DINAJPUR,2738,FULBARI,17.8,33.8,228.49,176023,770,43137,4.080557294,52.6
27,DINAJPUR,2743,GHORAGHAT,24.3,41.8,148.67,117740,792,30077,3.914619144,46
27,DINAJPUR,2747,HAKIMPUR,22.4,38.9,99.92,92599,927,22895,4.044507534,54.7
27,DINAJPUR,2756,KAHAROLE,25.6,44.3,205.53,154432,751,36759,4.201202427,51.3
27,DINAJPUR,2760,KHANSAMA,25.8,46.5,179.72,171764,965,39440,4.355070994,47.5
27,DINAJPUR,2769,NAWABGANJ,20.5,37.3,314.68,229337,729,57851,3.964270281,42.8
27,DINAJPUR,2777,PARBATIPUR,22.1,39.7,395.04,365103,924,88725,4.114995773,53.9
29,FARIDPUR,2903,ALFADANGA,15.5,29.9,127.87,108302,847,24293,4.458156671,54.8
29,FARIDPUR,2910,BHANGA,17,33.5,215.3,259032,1203,57164,4.531383388,47
29,FARIDPUR,2918,BOALMARI,21.5,39.3,271.73,256658,945,56262,4.561835697,47.3
29,FARIDPUR,2921,CHAR BHADRASAN,19.8,35.8,154.65,63477,410,14277,4.446102122,40.5
29,FARIDPUR,2947,FARIDPUR SADAR,21.3,38.3,412.86,469410,1137,103535,4.53382914,55.8
29,FARIDPUR,2956,MADHUKHALI,16.1,30.5,230.73,204492,886,45939,4.451381179,52.5
29,FARIDPUR,2962,NAGARKANDA,19.2,35.9,192.2,197898,1030,42904,4.612576916,46.8
29,FARIDPUR,2984,SADARPUR,20.5,36.9,261.29,186254,713,40219,4.630995301,43.2
29,FARIDPUR,2990,SALTHA,24.4,42.1,186.2,167446,899,35581,4.706050982,38.6
30,FENI,3014,CHHAGALNAIYA,14.4,25.9,139.6,187156,1341,36744,5.093511866,63.4
30,FENI,3025,DAGANBHUIYAN,7.5,16.3,141.7,254402,1795,49038,5.187854317,58.8
30,FENI,3029,FENI SADAR,9.4,18.6,226.2,512646,2266,97869,5.238083561,62.8
30,FENI,3041,FULGAZI,17.8,31.8,102.19,119558,1170,23494,5.088873755,60
30,FENI,3051,PARSHURAM,18.6,30.6,95.77,101062,1055,20353,4.965459637,58.8
30,FENI,3094,SONAGAZI,28.5,44.5,284.9,262547,922,50167,5.233460243,51.6
32,GAIBANDHA,3221,FULCHHARI,39.8,58.1,314.03,165000,526,40489,4.075180913,31.2
32,GAIBANDHA,3224,GAIBANDHA SADAR,28.3,44.8,324.05,437000,1349,109628,3.986207903,47.5
32,GAIBANDHA,3230,GOBINDAGANJ,29,45.4,460.42,515000,1118,132572,3.884681532,42.6
32,GAIBANDHA,3267,PALASHBARI,27.1,44.8,185.24,245000,1321,63307,3.87003017,47.6
32,GAIBANDHA,3282,SADULLAPUR,31.1,51,230.12,287000,1249,75235,3.814713896,44.1
32,GAIBANDHA,3288,SAGHATA,34.1,52.8,231.02,268000,1159,68954,3.88664907,40.6
32,GAIBANDHA,3291,SUNDARGANJ,29.4,47.6,369.85,462000,1249,122098,3.783845763,40.6
33,GAZIPUR,3330,GAZIPUR SADAR,8.1,22.1,457.67,1820374,3977,449139,4.053030354,60.6
33,GAZIPUR,3332,KALIAKAIR,3.9,11,314.13,483308,1539,116749,4.139718541,60.6
33,GAZIPUR,3334,KALIGANJ,7.9,15.7,214.63,265276,1236,57770,4.59193353,59.8
33,GAZIPUR,3336,KAPASIA,17.8,27,356.98,342162,958,79928,4.28087779,56.3
33,GAZIPUR,3386,SREEPUR,5.9,14.4,462.94,492792,1064,122872,4.01061267,54.8
35,GOPALGANJ,3532,GOPALGANJ SADAR,25.2,41.1,389.61,344008,883,73126,4.704318573,61.8
35,GOPALGANJ,3543,KASHIANI,24.6,39.1,286.31,207615,725,46335,4.480738103,59.2
35,GOPALGANJ,3551,KOTALIPARA,27.7,43.6,355.9,230493,648,48029,4.799038081,59.2
35,GOPALGANJ,3558,MUKSUDPUR,29.9,46.5,308.36,289406,939,61807,4.682414613,52.5
35,GOPALGANJ,3591,TUNGIPARA,26.1,42.6,128.53,100893,785,20575,4.903669502,56.6
36,HABIGANJ,3602,AJMIRIGANJ,26.4,32.6,223.98,114265,510,21293,5.366317569,37.1
36,HABIGANJ,3605,BAHUBAL,19.3,24.1,250.65,197997,790,21293,9.29868971,39.8
36,HABIGANJ,3611,BANIACHONG,22.2,27.6,482.26,332530,690,37334,8.90689452,34.7
36,HABIGANJ,3626,CHUNARUGHAT,22.5,27.5,495.5,302110,610,59433,5.083202934,40.8
36,HABIGANJ,3644,HABIGANJ SADAR,12.2,16.9,253.77,329093,1297,61132,5.383318066,50.7
36,HABIGANJ,3668,LAKHAI,20,25.2,196.54,148811,757,62281,2.389348276,33.7
36,HABIGANJ,3671,MADHABPUR,20.7,25.9,294.26,319016,1084,27759,11.49234483,39.8
36,HABIGANJ,3677,NABIGANJ,21.5,26.8,439.61,345179,785,62300,5.5405939,41
38,JOYPURHAT,3813,AKKELPUR,13.4,26.9,154.94,137619,888,36638,3.756182106,56.9
38,JOYPURHAT,3847,JOYPURHAT SADAR,13,26,236.79,289058,1221,76385,3.784224651,65.4
38,JOYPURHAT,3858,KALAI,12.1,25.6,166.29,143197,861,38745,3.69588334,49.8
38,JOYPURHAT,3861,KHETLAL,11.7,26.1,142.61,108326,760,29805,3.634490857,53.5
38,JOYPURHAT,3874,PANCHBIBI,13.6,28.3,311.77,235568,756,60983,3.862847023,54.6
39,JAMALPUR,3907,BAKSHIGANJ,34.3,50.4,508.8,218930,919,52222,4.192294435,33.1
39,JAMALPUR,3915,DEWANGANJ,41.6,58.5,238.29,258133,965,60716,4.251482311,32.5
39,JAMALPUR,3929,ISLAMPUR,38.2,55,267.51,298429,845,74963,3.981017302,30.1
39,JAMALPUR,3936,JAMALPUR SADAR,32.7,49.8,353.31,615072,1209,52174,11.78886035,47
39,JAMALPUR,3958,MADARGANJ,38.2,55.5,225.39,263608,1170,63704,4.138013312,33
39,JAMALPUR,3961,MELANDAHA,30.6,47.2,258.32,313182,1212,79390,3.944854516,35.7
39,JAMALPUR,3985,SARISHABARI,27.6,44.7,263.5,325320,1235,80198,4.056460261,44.6
41,JESSORE,4104,ABHAYNAGAR,15.9,36,247.21,262434,1062,62189,4.219942434,59.8
41,JESSORE,4109,BAGHER PARA,20.9,42.5,308.29,216897,704,49971,4.340457465,52.8
41,JESSORE,4111,CHAUGACHHA,20.7,42.8,269.31,231370,859,56440,4.09939759,53.7
41,JESSORE,4138,KESHABPUR,20.4,42,435.22,742898,1707,69164,10.74110809,63.8
41,JESSORE,4147,JESSORE SADAR,16.4,35.3,307.96,298908,971,72266,4.136218969,53
41,JESSORE,4123,JHIKARGACHHA,17.9,38.9,258.44,253291,980,62309,4.065078881,55.2
41,JESSORE,4161,MANIRAMPUR,19.4,40.2,444.2,417421,940,101239,4.123124488,53.7
41,JESSORE,4190,SHARSHA,19.4,40.8,336.28,341328,1015,82835,4.120577051,49.8
42,JHALOKATI,4240,JHALOKATI SADAR,22.3,37.7,159.45,216000,1357,50315,4.292954387,68.8
42,JHALOKATI,4243,KANTHALIA,21.4,34.2,151.29,125000,821,30855,4.05120726,65.3
42,JHALOKATI,4273,NALCHITY,32.5,46.5,231.42,194000,836,43066,4.504713695,67.2
42,JHALOKATI,4284,RAJAPUR,29.8,42,164.58,148000,902,33903,4.365395393,63.9
44,JHENAIDAH,4414,HARINAKUNDA,10.6,26,227.54,197000,869,48209,4.086373914,42.3
44,JHENAIDAH,4419,JHENAIDAH SADAR,9.7,23.9,470.11,456000,970,108924,4.1864052,51.8
44,JHENAIDAH,4433,KALIGANJ,9.6,24,310.19,282000,910,67841,4.156778349,52
44,JHENAIDAH,4442,KOTCHANDPUR,7.5,20.2,165.63,141000,852,34249,4.116908523,50.4
44,JHENAIDAH,4471,MAHESHPUR,9.4,23.6,417.85,332000,796,79761,4.162435275,44.8
44,JHENAIDAH,4480,SHAILKUPA,12.1,28.2,373.43,362000,968,83348,4.343235591,44.7
46,KHAGRACHHARI,4643,DIGHINALA,8.2,22.5,694.11,103000,149,22464,4.58511396,46.2
46,KHAGRACHHARI,4649,KHAGRACHHARI,7.3,19.5,297.91,112000,375,24316,4.606020727,57.1
46,KHAGRACHHARI,4661,LAKSHMICHHARI,12.6,31,220.14,26000,118,6084,4.273504274,35.2
46,KHAGRACHHARI,4665,MAHALCHHARI,7.5,21.4,251.22,51000,202,11282,4.520475093,44.4
46,KHAGRACHHARI,4667,MANIKCHHARI,12.8,30.1,168.34,62000,366,13335,4.649418823,40.7
46,KHAGRACHHARI,4670,MATIRANGA,11.4,28.3,495.4,126000,255,27251,4.623683535,44.2
46,KHAGRACHHARI,4677,PANCHHARI,8.4,23.4,334.1,62000,186,14154,4.38038717,42.3
46,KHAGRACHHARI,4680,RAMGARH,14.8,32.6,287.89,72000,249,14906,4.83026969,44.9
47,KHULNA,4712,BATIAGHATA,22.7,40.5,248.31,172000,691,40779,4.21785723,54.9
47,KHULNA,4717,DACOPE,24.9,44.5,991.56,152000,154,36597,4.153345903,56
47,KHULNA,4740,DIGHALIA,21.9,39.3,77.16,115000,1498,26797,4.291525171,54.3
47,KHULNA,4730,DUMURIA,19.6,37.2,454.23,301000,673,71909,4.185846,52.6
47,KHULNA,4753,KOYRA,29.1,49.1,1775.4,194000,109,45750,4.240437158,50.4
47,KHULNA,4764,PAIKGACHHA,23.3,42.4,411.19,248000,603,59873,4.14210078,52.8
47,KHULNA,4769,PHULTALA,17,33.7,56.83,83000,1476,19555,4.244438762,59
47,KHULNA,4775,RUPSA,20.2,36.9,120.15,179000,1494,41895,4.272586227,58.2
47,KHULNA,4794,TEROKHADA,30,49.6,189.49,117000,616,26340,4.44191344,48.5
48,KISHORGONJ,4802,AUSTAGRAM,20.5,33.7,355.53,152523,429,31129,4.899707668,32
48,KISHORGONJ,4806,BAJITPUR,14.8,28.2,193.76,248730,1284,53345,4.662667541,41.2
48,KISHORGONJ,4811,BHAIRAB,15.4,33.9,139.32,298309,2141,58940,5.061231761,42.7
48,KISHORGONJ,4827,HOSSAINPUR,18.5,33,121.29,183084,1516,41376,4.424883991,41.8
48,KISHORGONJ,4833,ITNA,21.1,34.9,401.93,164127,408,34637,4.738487744,27.7
48,KISHORGONJ,4842,KARIMGANJ,14,27.1,200.5,287807,1435,62774,4.584812183,38.6
48,KISHORGONJ,4845,KATIADI,17.1,31.6,219.21,314529,1435,69801,4.506081575,40.6
48,KISHORGONJ,4849,KISHOREGANJ  SADAR,14.5,27.6,193.72,414208,2138,89863,4.609327532,48.9
48,KISHORGONJ,4854,KULIAR CHAR,17.2,32.7,104.01,182236,1752,39166,4.652913241,44.6
48,KISHORGONJ,4859,MITHAMAIN,23,35.2,180.53,122026,547,23850,5.11639413,30.9
48,KISHORGONJ,4876,NIKLI,17,30,214.39,133729,624,30450,4.391756979,28.9
48,KISHORGONJ,4879,PAKUNDIA,13.5,26.1,180.3,250060,1385,57399,4.356521891,51.8
48,KISHORGONJ,4892,TARAIL,14.7,26.1,141.43,159739,1129,34592,4.617801804,35.7
49,KURIGRAM,4906,BHURUNGAMARI,44.7,65.1,236.26,231538,980,57005,4.061713885,39.6
49,KURIGRAM,4908,CHAR RAJIBPUR,48.7,68.8,111.03,73373,661,17310,4.23876372,36.5
49,KURIGRAM,4909,CHILMARI,42.1,61.1,224.96,122841,546,30966,3.966963767,39.7
49,KURIGRAM,4952,KURIGRAM SADAR,40.5,58,276.45,160250,1130,72592,2.207543531,46.1
49,KURIGRAM,4961,NAGESHWARI,45.4,65,417.56,312408,944,94108,3.319675267,38.7
49,KURIGRAM,4918,PHULBARI,48.8,68.5,256.61,394258,1023,39643,9.945211008,44.8
49,KURIGRAM,4977,RAJARHAT,48.6,67.7,166.64,182981,1098,46489,3.936006367,52
49,KURIGRAM,4979,RAUMARI,36,57,197.03,196417,997,46871,4.19058693,34.6
49,KURIGRAM,4994,ULIPUR,46.2,65.3,458.48,395207,862,103061,3.834690135,45.6
50,KUSHTIA,5079,KUSHTIA SADAR,0.7,3,318.22,523000,1580,120087,4.355175831,53.9
50,KUSHTIA,5015,BHERAMARA,0.8,3.4,153.71,208000,1302,47586,4.371033497,48.7
50,KUSHTIA,5039,DAULATPUR,1,4,468.76,473000,974,115715,4.087629089,41.3
50,KUSHTIA,5063,KHOKSA,1,4.7,104.85,135000,1236,32110,4.204297727,44.7
50,KUSHTIA,5071,KUMARKHALI,0.9,4,258.18,341000,1272,79008,4.316018631,45.3
50,KUSHTIA,5094,MIRPUR,0.7,3.3,305.06,343000,1082,82783,4.143362768,41.9
51,LAKSHMIPUR,5133,KAMALNAGAR,7.6,18.7,314.86,223000,708,46092,4.838149787,30.7
51,LAKSHMIPUR,5143,LAKSHMIPUR SADAR,28.8,45.6,480.35,684000,1425,144228,4.742491056,51.9
51,LAKSHMIPUR,5158,ROYPUR,8.7,16.7,169.31,286000,1687,59285,4.824154508,64.2
51,LAKSHMIPUR,5165,RAMGANJ,12,21.4,279.88,261000,933,55644,4.690532672,39.3
51,LAKSHMIPUR,5173,RAMGATI,16,30.4,195.98,275000,1404,60090,4.57646863,51.1
52,LALMONIRHAT,5202,ADITMARI,17.3,36,195.03,225000,1153,52144,4.314973918,45.1
52,LALMONIRHAT,5233,HATIBANDHA,18.4,38.1,288.41,234000,811,53122,4.404954633,45.3
52,LALMONIRHAT,5239,KALIGANJ,16.6,35.3,253.23,246000,970,58138,4.231311707,46
52,LALMONIRHAT,5255,LALMONIRHAT SADAR,15.1,31.3,263.83,333000,1263,79147,4.207360987,47.4
52,LALMONIRHAT,5270,PATGRAM,17,33.3,246.85,219000,886,47893,4.572693295,46.1
54,MADARIPUR,5440,KALKINI,15.8,33.2,280.36,273000,975,59311,4.602856131,49
54,MADARIPUR,5454,MADARIPUR SADAR,17.5,35,283.14,346000,1221,74451,4.64735195,51.1
54,MADARIPUR,5480,RAJOIR,15.4,31.4,229.27,229000,998,48764,4.696087277,48.2
54,MADARIPUR,5487,SHIB CHAR,20.2,38.8,332.9,318000,956,69623,4.567456157,43.5
55,MAGURA,5557,MAGURA SADAR,24.1,43,401.58,380000,947,86162,4.410296883,52.4
55,MAGURA,5566,MOHAMMADPUR,30.6,50.8,233.7,208000,890,44900,4.632516704,47.7
55,MAGURA,5585,SHALIKHA,24.7,44.2,228.65,164000,716,36905,4.443842298,49
55,MAGURA,5595,SREEPUR,25.5,45,175.15,167000,952,37935,4.402267036,51.8
56,MANIKGANJ,5610,DAULATPUR,15.7,29.4,218.34,167026,765,38786,4.306347651,34.9
56,MANIKGANJ,5622,GHIOR,5.7,13.7,148.92,146292,982,34796,4.204276354,54.5
56,MANIKGANJ,5628,HARIRAMPUR,8.3,18.1,244.31,139318,570,33513,4.157133053,48.4
56,MANIKGANJ,5646,MANIKGANJ SADAR,7.3,18.7,215.16,309413,1438,71202,4.345566136,56
56,MANIKGANJ,5670,SATURIA,6.2,15,140.19,171494,1223,40644,4.21941738,47.3
56,MANIKGANJ,5678,SHIBALAYA,7,15.8,199.18,171873,863,40795,4.213089839,53.3
56,MANIKGANJ,5682,SINGAIR,7.1,18.1,217.56,287451,1321,65058,4.418380522,46.2
57,MEHERPUR,5747,GANGNI,5.2,15.8,363.95,299000,823,77580,3.854086105,42.2
57,MEHERPUR,5760,MUJIB NAGAR,4.5,13.6,111.51,99000,889,24602,4.024063084,50.5
57,MEHERPUR,5787,MEHERPUR SADAR,5.1,15.1,276.15,256000,929,64130,3.99189147,49.4
58,MAULVIBAZAR,5814,BARLEKHA,20.8,25.7,448.86,257620,574,44192,5.829561912,52.4
58,MAULVIBAZAR,5835,JURI,31.3,36.3,186.3,148958,800,27509,5.414882402,52.3
58,MAULVIBAZAR,5856,KAMALGANJ,22,26.7,485.26,259130,534,51895,4.993351961,48.6
58,MAULVIBAZAR,5865,KULAURA,23.1,28.1,545.73,360195,660,66465,5.419318438,51.9
58,MAULVIBAZAR,5874,MAULVIBAZAR SADAR,12.7,16.7,344.32,342468,995,62881,5.446287432,54.9
58,MAULVIBAZAR,5880,RAJNAGAR,18,22.3,338.15,232666,688,43070,5.402043186,48.6
58,MAULVIBAZAR,5883,SREEMANGAL,24.7,29.3,450.73,318025,706,65165,4.880303844,48.3
59,MUNSHIGANJ,5924,GAZARIA,14.7,26.8,131,157988,1206,34999,4.514071831,57.2
59,MUNSHIGANJ,5944,LOHAJANG,20.1,33.6,131,159242,1215,36554,4.35634951,56.2
59,MUNSHIGANJ,5956,MUNSHIGANJ SADAR,15.1,30.8,218.07,383263,1657,82060,4.67052157,55.2
59,MUNSHIGANJ,5974,SERAJDIKHAN,16.5,28.8,180.09,288107,1599,59873,4.811968667,54.9
59,MUNSHIGANJ,5984,SREENAGAR,14.4,26.3,203,259887,1280,57344,4.532069615,57.3
59,MUNSHIGANJ,5994,TONGIBARI,14,25.1,140.91,197173,1399,42433,4.646690076,57.1
61,MYMENSINGH,6113,BHALUKA,14.8,31.1,444.05,430000,969,106935,4.021134334,49.1
61,MYMENSINGH,6116,DHOBAURA,38.4,58.2,252.23,196000,778,44007,4.45383689,29.4
61,MYMENSINGH,6120,FULBARIA,32.8,52.6,398.7,448000,1125,101189,4.427358705,42.3
61,MYMENSINGH,6122,GAFFARGAON,25.8,43.9,398.3,431000,1081,99093,4.349449507,49.3
61,MYMENSINGH,6123,GAURIPUR,30.5,50.6,276.74,323000,1167,72047,4.483184588,43.6
61,MYMENSINGH,6124,HALUAGHAT,30.6,50.3,357.61,290000,811,69725,4.159196845,38.9
61,MYMENSINGH,6131,ISHWARGANJ,35.8,56,280.43,376000,1342,81070,4.637967189,41
61,MYMENSINGH,6165,MUKTAGACHHA,23.9,43.3,314.7,415000,1320,96657,4.293532802,43.5
61,MYMENSINGH,6152,MYMENSINGH SADAR,39.3,52.3,380.72,776000,2037,167472,4.633610395,51.7
61,MYMENSINGH,6172,NANDAIL,41.8,60.7,326.37,403000,1234,87523,4.604503959,40.4
61,MYMENSINGH,6181,PHULPUR,39.2,58.8,626.2,602000,961,135832,4.431945344,37.7
61,MYMENSINGH,6194,TRISHAL,28.8,47.8,338.45,420000,1239,93886,4.473510428,40
64,NAOGAON,6403,ATRAI,5,13.5,284.4,193000,679,45465,4.245023645,45.4
64,NAOGAON,6406,BADALGACHHI,5.7,15,213.97,201000,941,54001,3.722153293,49.5
64,NAOGAON,6428,DHAMOIRHAT,7.7,17.9,300.79,184000,614,49046,3.751580149,50.1
64,NAOGAON,6447,MANDA,5.4,14.7,375.93,364000,968,97219,3.744124091,46.3
64,NAOGAON,6450,MAHADEBPUR,6.1,15.6,397.66,293000,736,76089,3.850753723,49.8
64,NAOGAON,6460,NAOGAON SADAR,8.3,17.4,275.72,405000,1469,100867,4.015188317,53.5
64,NAOGAON,6469,NIAMATPUR,8.4,19.4,449.09,249000,553,61811,4.028409183,44.7
64,NAOGAON,6475,PATNITALA,8.1,18.6,382.38,232000,606,58661,3.954927465,52.5
64,NAOGAON,6479,PORSHA,9.4,21.7,252.83,132000,522,30773,4.289474539,47.8
64,NAOGAON,6485,RANINAGAR,4.9,13.3,258.32,185000,715,45637,4.053728334,46
64,NAOGAON,6486,SAPAHAR,9,21.4,244.48,162000,662,36232,4.471185692,42.2
65,NARAIL,6528,KALIA,9.7,23.3,301.32,220000,731,48579,4.528705819,55.3
65,NARAIL,6552,LOHAGARA,7.6,19.9,284.91,229000,802,51233,4.46977534,61.9
65,NARAIL,6576,NARAIL SADAR,6.1,17.3,381.75,273000,715,62795,4.347479895,65.5
67,NARAYANGANJ,6702,ARAIHAZAR,19.8,34.4,181.07,377000,2080,77462,4.866902481,41
67,NARAYANGANJ,6706,BANDAR,4,20.9,54.39,313000,5751,73173,4.277534063,58.9
67,NARAYANGANJ,6758,NARAYANGANJ,10.1,27.9,100.74,1324000,13183,313312,4.22581963,62.7
67,NARAYANGANJ,6768,RUPGANJ,8.7,22.5,176.48,535000,3031,122140,4.38021942,54.8
67,NARAYANGANJ,6704,SONARGAON,9.9,21.3,171.66,400000,2332,89565,4.466030257,54.6
68,NARSINGDI,6807,BELABO,11.7,21.9,117.66,190086,1612,42377,4.4855936,48.5
68,NARSINGDI,6852,MANOHARDI,11.8,22.7,195.57,275112,1419,63385,4.340332886,49.9
68,NARSINGDI,6860,NARSINGDI SADAR,10.8,22.8,213.44,707525,3315,149820,4.722500334,50.9
68,NARSINGDI,6863,PALASH,9.9,22.2,94.43,212612,2251,46780,4.544933732,58.6
68,NARSINGDI,6864,ROYPURA,16.2,29.4,312.77,535796,1713,110520,4.847955121,40.5
68,NARSINGDI,6876,SHIBPUR,9.8,18.9,206.89,303813,1395,65094,4.667296525,55.7
69,NATORE,6909,BAGATIPARA,18.6,31.6,48.5,131000,937,33383,3.924153012,56.5
69,NATORE,6915,BARAIGRAM,22.1,36.1,49.9,280000,933,70104,3.994065959,50
69,NATORE,6941,GURUDASPUR,22.8,37,50.9,215000,1057,54977,3.910726304,41.9
69,NATORE,6944,LALPUR,21.8,35.7,58.6,274000,837,66417,4.12544981,50.6
69,NATORE,6963,NATORE SADAR,18.8,31.8,40.5,442000,1103,110203,4.010780106,55.6
69,NATORE,6991,SINGRA,23.4,37.8,55.7,364000,689,88791,4.09951459,42.9
70,NAWABGANJ,7018,BHOLAHAT,8.9,20.8,123.53,103301,836,24475,4.220674157,47.2
70,NAWABGANJ,7066,CHAPAI SADAR,12.9,25.4,451.78,530592,1174,112748,4.705999219,46.3
70,NAWABGANJ,7037,GOMASTAPUR,12.2,26.1,318.13,275823,867,62938,4.38245575,41.2
70,NAWABGANJ,7056,NACHOLE,11.4,24.2,283.68,146627,517,32922,4.453769516,45.5
70,NAWABGANJ,7088,SHIBGANJ,12.2,26,525.42,591178,1125,124899,4.733248465,39.4
72,NETRAKONA,7204,ATPARA,17.2,31.6,192.5,144624,751,31437,4.600438973,38.7
72,NETRAKONA,7209,BARHATTA,20.1,35.2,220,180449,820,37854,4.766973107,37.6
72,NETRAKONA,7218,DURGAPUR,11.9,30.2,279.28,224873,805,50596,4.444481777,39.5
72,NETRAKONA,7238,KHALIAJURI,22.3,37.2,376.22,271912,723,58069,4.682567291,36.6
72,NETRAKONA,7240,KALMAKANDA,22.6,37.6,303.59,304729,1004,66133,4.607820604,37.6
72,NETRAKONA,7247,KENDUA,24.1,40.9,297.63,97450,327,18903,5.15526636,30.4
72,NETRAKONA,7256,MADAN,23.5,41.6,233.3,154479,662,31751,4.865327076,30.4
72,NETRAKONA,7263,MOHANGANJ,18.2,34.3,241.98,167507,692,34885,4.801691271,42.1
72,NETRAKONA,7274,NETROKONA SADAR,16.2,30.8,341.71,372785,1091,81435,4.577700006,46
72,NETRAKONA,7283,PURBADHALA,20.3,35.4,308.17,310834,1009,68083,4.565515621,42.8
73,NILPHAMARI,7312,DIMLA,17.4,35.2,326.74,283438,326.74,63535,4.46113166,42.2
73,NILPHAMARI,7315,DOMAR,15.5,31.3,216.36,249429,216.36,58020,4.29901758,48.3
73,NILPHAMARI,7336,JALDHAKA,24.9,43.5,303.51,341672,303.51,78994,4.325290528,37.9
73,NILPHAMARI,7345,KISHOREGANJ,14.7,30.9,205.01,261069,205.01,65798,3.967734582,38.5
73,NILPHAMARI,7364,NILPHAMARI SADAR,21,36.4,373.3,435165,373.3,97088,4.482170814,45.7
73,NILPHAMARI,7385,SAIDPUR,16.2,27.7,121.66,265461,121.66,58137,4.566128283,54.6
75,NOAKHALI,7507,BEGUMGANJ,1.8,5.9,238.37,549000,2304,101689,5.398814031,59.3
75,NOAKHALI,7510,CHATKHIL,1.5,4.8,133.89,233000,1742,46044,5.060377031,65.6
75,NOAKHALI,7521,COMPANIGANJ,2.5,7.6,380.95,250000,658,49015,5.100479445,51.3
75,NOAKHALI,7536,HATIYA,5.9,16,1507.35,453000,300,91013,4.977310934,34.2
75,NOAKHALI,7547,KABIRHAT,4.4,12.4,185.25,197000,1063,36054,5.464026183,49
75,NOAKHALI,7587,NOAKHALI SADAR,3.7,10.2,336.06,526000,1565,100219,5.248505772,51.7
75,NOAKHALI,7580,SENBAGH,1.7,5.4,159.36,283000,1775,53943,5.246278479,56.7
75,NOAKHALI,7583,SONAIMURI,1.5,5,169.14,327000,1934,60542,5.401209078,61
75,NOAKHALI,7585,SUBARNACHAR,7.3,18.7,575.47,290000,503,55399,5.23475153,32.7
76,PABNA,7605,ATGHARIA,16,31.2,186.15,157000,845,38435,4.084818525,43.7
76,PABNA,7616,BERA,22.9,39.4,243.43,256000,1055,57436,4.457134898,41.2
76,PABNA,7619,BHANGURA,18.3,33.5,138.36,125000,899,28853,4.332305133,44
76,PABNA,7622,CHATMOHAR,16.1,31.4,310.1,291000,939,70260,4.14175918,45.6
76,PABNA,7633,FARIDPUR,16.6,31.5,137.67,130000,947,30845,4.214621495,42.5
76,PABNA,7639,ISHWARDI,13.2,26.2,250.89,314000,1251,73373,4.27950336,55
76,PABNA,7655,PABNA SADAR,14.3,27.8,439.3,591000,1345,138839,4.256729017,51.4
76,PABNA,7672,SANTHIA,17.5,33.1,331.55,380000,1147,89032,4.268128313,43.9
76,PABNA,7683,SUJANAGAR,19.4,35.4,338.65,279000,821,63676,4.38155663,41.9
77,PANCHAGARH,7704,ATWARI,11.1,24.1,209.93,133650,637,32045,4.170697457,59.8
77,PANCHAGARH,7725,BODA,12,26.6,349.47,232124,664,56102,4.137535204,51.8
77,PANCHAGARH,7734,DEBIGANJ,16.6,34.2,309.02,224709,727,52411,4.28743966,47.7
77,PANCHAGARH,7773,PANCHAGARH SADAR,11.2,24.2,347.09,271707,783,60115,4.519787075,53.2
77,PANCHAGARH,7790,TENTULIA,8.8,21.5,189.1,125454,663,27908,4.495270173,47.3
78,PATUAKHALI,7838,BAUPHAL,13.9,24,487.1,304284,625,67833,4.485781257,57.1
78,PATUAKHALI,7852,DASHMINA,11.3,21.8,351.87,123388,351,28490,4.330923131,48.7
78,PATUAKHALI,7855,DUMKI,13.1,22,92.41,70655,765,15542,4.546068717,66.4
78,PATUAKHALI,7857,GALACHIPA,14.4,26,1268.37,361518,285,80054,4.515926749,45.4
78,PATUAKHALI,7866,KALA PARA,9.7,20.3,491.89,237831,484,57525,4.134393742,52
78,PATUAKHALI,7876,MIRZAGANJ,9.6,17.8,167.18,121716,728,28205,4.31540507,59.4
78,PATUAKHALI,7895,PATUAKHALI SADAR,23.3,36.9,362.46,316462,873,68813,4.5988694,59.5
79,PIROJPUR,7914,BHANDARIA,29.9,42,163.56,148159,906,34338,4.314724212,67.7
79,PIROJPUR,7947,KAWKHALI,39.6,52.2,79.57,70130,881,16208,4.326875617,64.6
79,PIROJPUR,7958,MATHBARIA,25.6,38,344.23,262841,764,61187,4.295700067,61.7
79,PIROJPUR,7976,NAZIRPUR,36.6,51.5,228.69,180408,789,40561,4.447819334,59.3
79,PIROJPUR,7987,NESARABAD (SWARUPKATI),30.1,43.3,200.33,211032,1053,48492,4.351893096,68.6
79,PIROJPUR,7980,PIROJPUR SADAR,28.7,42.7,166.81,163470,980,38017,4.299918458,70.3
79,PIROJPUR,7990,ZIANAGAR,35.8,49.1,94.59,77217,816,17199,4.48962149,61.2
81,RAJSHAHI,8110,BAGHA,18.3,33.6,185.16,184183,995,46711,3.94303269,49.6
81,RAJSHAHI,8112,BAGHMARA,14.9,29.4,366.26,354664,968,94050,3.771015417,46.3
81,RAJSHAHI,8125,CHARGHAT,16.8,31.4,164.5,206788,1257,51783,3.993356893,47.7
81,RAJSHAHI,8131,DURGAPUR,12.3,25.7,197.89,185845,939,48530,3.829486915,48.2
81,RAJSHAHI,8134,GODAGARI,27.3,44.1,475.26,330924,696,72186,4.58432383,46.3
81,RAJSHAHI,8153,MOHANPUR,12,24.9,162.65,170021,1045,43984,3.86551928,51.3
81,RAJSHAHI,8172,PABA,17.1,33.4,340.03,314196,924,76622,4.10059774,50.3
81,RAJSHAHI,8182,PUTHIA,13.3,26.8,192.63,207490,1077,52922,3.920675711,49.6
81,RAJSHAHI,8194,TANORE,20.7,35.7,295.4,191330,648,47425,4.034370058,48.8
82,RAJBARI,8207,BALIAKANDI,24,39.7,229,207086,904,46262,4.476373698,55.5
82,RAJBARI,8229,GOALANDA,31.8,50.5,121.82,112732,925,24613,4.580181205,40.3
82,RAJBARI,8247,KALUKHALI,24,39.6,168.82,155044,918,35032,4.425782142,51.2
82,RAJBARI,8273,PANGSHA,28.8,45.7,250.31,243285,972,56336,4.318464215,48.3
82,RAJBARI,8276,RAJBARI SADAR,23,38.7,322.35,331631,1029,75585,4.38752398,57.7
84,RANGAMATI,8407,BAGHAICHHARI,8.1,24.8,1931.26,96899,50,20171,4.803876853,41.9
84,RANGAMATI,8421,BARKAL,8.5,26.1,760.88,47523,62,9396,5.057790549,44.5
84,RANGAMATI,8429,BELAI CHHARI,14.6,34.7,746,28525,38,6063,4.704766617,32.8
84,RANGAMATI,8447,JURAI CHHARI,6.2,19.3,606.05,27786,46,6136,4.528357236,46.8
84,RANGAMATI,8436,KAPTAI,3.9,12.2,259,59693,230,13515,4.416796152,60
84,RANGAMATI,8425,KAWKHALI (BETBUNIA),8.7,23.4,339.29,59578,176,12865,4.63101438,44.2
84,RANGAMATI,8458,LANGADU,9.9,29.3,388.5,81548,210,17983,4.534727242,44.2
84,RANGAMATI,8475,NANIARCHAR,6.2,21.2,393.68,43616,111,9481,4.600358612,47.7
84,RANGAMATI,8487,RANGAMATI SADAR,1.7,7.3,546.49,124728,228,26872,4.641559988,64.5
84,RANGAMATI,8478,RAJASTHALI,7.2,20.5,145.04,26083,180,6014,4.337046891,44.2
85,RANGPUR,8503,BADARGANJ,30.6,48.3,301.28,288000,955,71982,4.00100025,43
85,RANGPUR,8527,GANGACHARA,39,58.3,269.68,298000,1105,73463,4.056463798,43.2
85,RANGPUR,8542,KAUNIA,33.2,45,147.64,228000,1543,56263,4.052396779,41.9
85,RANGPUR,8558,MITHA PUKUR,29,45.4,515.63,508000,985,135073,3.760929275,46
85,RANGPUR,8573,PIRGACHHA,30.5,49.7,266.84,313000,1174,82623,3.788291396,44.6
85,RANGPUR,8576,PIRGANJ,28.3,46.9,411.35,385000,937,101640,3.787878788,45.4
85,RANGPUR,8549,RANGPUR SADAR,25.8,37.1,359.49,718000,1998,165017,4.35106686,61
85,RANGPUR,8592,TARAGANJ,32.4,52.4,128.65,143000,1108,34119,4.191213107,43.8
86,SHARIATPUR,8614,BHEDARGANJ,38.3,56.3,261.9,253000,967,53305,4.746271457,42.7
86,SHARIATPUR,8625,DAMUDYA,29.4,47.9,90.54,109000,1204,24193,4.505435457,52.5
86,SHARIATPUR,8636,GOSAIRHAT,40.7,58.3,196.72,158000,801,33169,4.763483976,42.1
86,SHARIATPUR,8665,NARIA,30.5,48.1,203.58,232000,1138,49615,4.67600524,51.8
86,SHARIATPUR,8669,SHARIATPUR SADAR,31.6,49.8,175.09,210000,1201,45883,4.576858531,51.2
86,SHARIATPUR,8694,ZANJIRA,34.9,54,246.21,194000,788,41715,4.650605298,44.4
87,SATKHIRA,8704,ASSASUNI,32,48.4,374.81,268754,717,62037,4.332156616,49.8
87,SATKHIRA,8725,DEBHATA,27.5,43.1,173.21,125358,724,29813,4.204809982,54.8
87,SATKHIRA,8743,KALAROA,28.7,46,231.42,237992,1028,59282,4.014574407,50.9
87,SATKHIRA,8747,KALIGANJ,31.7,48,333.78,274889,824,64909,4.234990525,51.8
87,SATKHIRA,8782,SATKHIRA SADAR,26,43.1,398.57,460892,1156,9105,50.61965953,56.5
87,SATKHIRA,8786,SHYAMNAGAR,33.8,50.2,1968.23,318254,162,72279,4.403132307,48.6
87,SATKHIRA,8790,TALA,28.9,45.2,337.24,299820,889,72465,4.137445663,50.9
88,SIRAJGANJ,8811,BELKUCHI,26.4,42.5,158.87,353000,2221,74450,4.741437206,45.7
88,SIRAJGANJ,8827,CHAUHALI,28.1,45.5,210.39,160000,761,39832,4.016870858,36.5
88,SIRAJGANJ,8844,KAMARKHANDA,17.6,32.5,90.8,138000,1527,31961,4.317762273,46.2
88,SIRAJGANJ,8850,KAZIPUR,20.2,36.2,328.79,275000,835,69664,3.947519522,37.5
88,SIRAJGANJ,8861,ROYGANJ,22.8,39.4,259.74,318000,1223,77198,4.119277701,38.1
88,SIRAJGANJ,8867,SHAHJADPUR,25.1,41.8,324.15,561000,1731,123576,4.53971645,38.4
88,SIRAJGANJ,8878,SIRAJGANJ SADAR,21.6,36.7,409.06,555000,1734,125485,4.422839383,48
88,SIRAJGANJ,8889,TARASH,20,35.8,300.07,198000,657,48941,4.045687665,39
88,SIRAJGANJ,8894,ULLAH PARA,20.9,36.6,320.15,539000,1320,123864,4.351546858,51.6
89,SHERPUR,8937,JHENAIGATI,21.6,36.9,242.07,160452,663,41117,3.902327504,38.7
89,SHERPUR,8967,NAKLA,28.5,46.8,173.89,189685,1091,47349,4.006103614,43
89,SHERPUR,8970,NALITABARI,24.1,41.8,327.61,251361,767,64805,3.878728493,39
89,SHERPUR,8988,SHERPUR SADAR,35.6,55.8,372.89,497179,1333,22280,22.31503591,36.7
89,SHERPUR,8990,SREEBARDI,30.4,49.1,248.25,259648,1046,65892,3.940508711,34.8
90,SUNAMGANJ,9018,BISHWAMBARPUR,24.7,30.4,248.63,156381,629,29336,5.330685847,34.6
90,SUNAMGANJ,9023,CHHATAK,18.6,23.6,440.48,397642,903,66724,5.959504826,38.6
90,SUNAMGANJ,9027,DAKSHIN SUNAMGANJ,19.5,24.4,303.17,183881,607,32033,5.740361502,32.3
90,SUNAMGANJ,9029,DERAI,20.7,26.2,420.93,243690,579,45040,5.410523979,37.1
90,SUNAMGANJ,9032,DHARAMPASHA,20.2,25.5,531,243464,888,47965,5.07586782,29.2
90,SUNAMGANJ,9033,DOWARABAZAR,24.3,29.9,263.35,228460,868,42693,5.351228539,30.4
90,SUNAMGANJ,9047,JAGANNATHPUR,15.8,21,368.11,259490,705,42866,6.053515607,39.9
90,SUNAMGANJ,9050,JAMALGANJ,19.4,24.6,309.38,167260,541,29935,5.587439452,32.5
90,SUNAMGANJ,9086,SULLA,22.9,28.3,256.03,113743,444,20299,5.603379477,36.4
90,SUNAMGANJ,9089,SUNAMGANJ SADAR,19.3,25.1,290.71,279019,960,49557,5.63026414,38.8
90,SUNAMGANJ,9092,TAHIRPUR,25.3,31.2,315.33,215200,682,37931,5.673459703,33.4
91,SYLHET,9108,BALAGANJ,15.8,19.7,375.75,320227,852,54246,5.903237105,50.2
91,SYLHET,9117,BEANI BAZAR,11.8,15.9,253.24,253616,1001,42119,6.021415513,59.7
91,SYLHET,9120,BISHWANATH,9.7,12.5,213.16,232573,1091,37993,6.121469744,46.9
91,SYLHET,9127,COMPANIGANJ,28.7,34.5,296.75,174029,586,28756,6.051919599,28.8
91,SYLHET,9131,DAKSHIN SURMA,7.8,10.3,187.66,253388,1350,43004,5.892196075,56
91,SYLHET,9135,FENCHUGANJ,13.4,16.9,114.09,104741,918,18859,5.553899995,50.5
91,SYLHET,9138,GOLAPGANJ,11.1,14.9,278.33,316149,1136,50465,6.264718121,57
91,SYLHET,9141,GOWAINGHAT,46.5,52.6,481.12,287512,598,47992,5.990831805,32.7
91,SYLHET,9153,JAINTIAPUR,28.9,34.7,266.11,161744,608,27719,5.835131137,41.2
91,SYLHET,9159,KANAIGHAT,39.7,45.8,391.88,263969,674,46147,5.720176826,43.5
91,SYLHET,9162,SYLHET SADAR,9.7,14.3,301.8,343965,2747,60242,5.709720793,61.3
91,SYLHET,9194,ZAKIGANJ,32.9,39,265.68,237137,893,40548,5.848303246,49.4
93,TANGAIL,9309,BASAIL,11.1,19.7,157.17,166000,1013,39000,4.256410256,50.4
93,TANGAIL,9319,BHUAPUR,21.4,34.4,225,198000,844,46000,4.304347826,43.8
93,TANGAIL,9323,DELDUAR,14.5,24.3,184.54,215000,1123,48000,4.479166667,51.6
93,TANGAIL,9325,DHANBARI,21.1,37,133.75,183000,1316,46000,3.97826087,44
93,TANGAIL,9328,GHATAIL,17.7,28.7,451.3,434000,926,104000,4.173076923,44
93,TANGAIL,9338,GOPALPUR,16.9,29.3,193.37,263000,1305,64000,4.109375,45.7
93,TANGAIL,9347,KALIHATI,12.5,23.5,295.6,426000,1388,99000,4.303030303,42.4
93,TANGAIL,9357,MADHUPUR,21.5,36.4,366.92,309000,804,76000,4.065789474,41.2
93,TANGAIL,9366,MIRZAPUR,16,26.7,373.88,424000,1091,94000,4.510638298,55.5
93,TANGAIL,9376,NAGARPUR,26.4,39.9,262.7,299000,1097,66000,4.53030303,42.7
93,TANGAIL,9385,SAKHIPUR,15.5,26,435.19,289000,638,71000,4.070422535,41.1
93,TANGAIL,9395,TANGAIL SADAR,20.9,31.7,334.26,543000,1559,117000,4.641025641,53.1
94,THAKURGAON,9408,BALIADANGI,11.3,26.5,284.12,195049,686,45509,4.28594344,43.4
94,THAKURGAON,9451,HARIPUR,13.1,29.7,201.07,147947,736,32607,4.537277272,42.1
94,THAKURGAON,9482,PIRGANJ,9.6,23.3,353.99,243535,688,58299,4.17734438,47.8
94,THAKURGAON,9486,RANISANKAIL,11.1,25.8,287.59,222284,773,51051,4.354155648,46.6
94,THAKURGAON,9494,THAKURGAON SADAR,17.7,28.6,654.95,581227,887,133320,4.359638464,53.3
