zl-code,Zila Name,upz-code,Upazila Name,% Extreme poor,% Poor,Density (per square km),Population per Household (P/HH),Literacy Rate (%),P/GD,wEP,wP,wD,wPHH,wLR,wPGD,Score
75,NOAKHALI,7510,CHATKHIL,-1.70328,-2.11323,0.83788,0.13493,1.91242,-0.45293,-0.170328,-0.633969,0.041894,0.0067465,0.9466479,-0.00226465,-1.70456905
84,RANGAMATI,8487,RANGAMATI SADAR,-1.68381,-1.92485,-0.99861,-0.03965,1.79004,-0.51573,-0.168381,-0.577455,-0.0499305,-0.0019825,0.8860698,-0.00257865,-1.68639745
15,CHITTAGONG,1537,HATHAZARI,-1.83954,-2.39204,0.85122,0.23943,1.67879,-0.45123,-0.183954,-0.717612,0.042561,0.0119715,0.83100105,-0.00225615,-1.6802907
15,CHITTAGONG,1574,RAOZAN,-1.56702,-1.83443,0.31265,0.149,1.54528,-0.67712,-0.156702,-0.550329,0.0156325,0.00745,0.7649136,-0.0033856,-1.4522477
65,NARAIL,6576,NARAIL SADAR,-1.25556,-1.17131,-0.40788,-0.16223,1.9013,-0.34,-0.125556,-0.351393,-0.020394,-0.0081115,0.9411435,-0.0017,-1.448298
75,NOAKHALI,7583,SONAIMURI,-1.70328,-2.09816,1.07078,0.277,1.40065,-0.35676,-0.170328,-0.629448,0.053539,0.01385,0.69332175,-0.0017838,-1.42749255
78,PATUAKHALI,7855,DUMKI,-0.57425,-0.81715,-0.34723,-0.07945,2.00143,-0.18732,-0.057425,-0.245145,-0.0173615,-0.0039725,0.99070785,-0.0009366,-1.31554845
84,RANGAMATI,8436,KAPTAI,-1.46969,-1.55562,-0.99619,-0.13334,1.2894,-0.54084,-0.146969,-0.466686,-0.0498095,-0.006667,0.638253,-0.0027042,-1.3110887
4,BARGUNA,485,PATHARGHATA,-1.25556,-1.50287,-0.76208,-0.38776,1.34503,-0.19021,-0.125556,-0.450861,-0.038104,-0.019388,0.66578985,-0.00095105,-1.3006499
51,LAKSHMIPUR,5158,ROYPUR,-1.0025,-1.21653,0.77116,0.03646,1.75667,-0.2608,-0.10025,-0.364959,0.038558,0.001823,0.86955165,-0.001304,-1.29568365
33,GAZIPUR,3332,KALIAKAIR,-1.46969,-1.64604,0.59164,-0.24884,1.35615,-0.10969,-0.146969,-0.493812,0.029582,-0.012442,0.67129425,-0.00054845,-1.2954837
10,BOGRA,1020,BOGRA SADAR,-0.96357,-1.14871,2.5373,-0.21998,1.92355,-0.67089,-0.096357,-0.344613,0.126865,-0.010999,0.95215725,-0.00335445,-1.2806157
75,NOAKHALI,7507,BEGUMGANJ,-1.67408,-2.03035,1.51959,0.276,1.21152,5.71761,-0.167408,-0.609105,0.0759795,0.0138,0.5997024,0.02858805,-1.25784785
15,CHITTAGONG,1586,SITAKUNDA,-1.49889,-1.60836,-0.30356,0.11751,1.20039,-0.23449,-0.149889,-0.482508,-0.015178,0.0058755,0.59419305,-0.00117245,-1.237065
75,NOAKHALI,7580,SENBAGH,-1.68381,-2.06802,0.87791,0.21242,0.92226,-0.26584,-0.168381,-0.620406,0.0438955,0.010621,0.4565187,-0.0013292,-1.1921184
4,BARGUNA,419,BAMNA,-0.98304,-1.18638,-0.32054,-0.2889,1.41178,-0.27675,-0.098304,-0.355914,-0.016027,-0.014445,0.6988311,-0.00138375,-1.18490485
15,CHITTAGONG,1512,BOALKHALI,-1.47942,-1.68372,0.86457,0.13419,1.16702,-0.53147,-0.147942,-0.505116,0.0432285,0.0067095,0.5776749,-0.00265735,-1.18345225
4,BARGUNA,428,BARGUNA SADAR,-0.88571,-1.02814,-0.5777,-0.21539,1.48966,-0.05649,-0.088571,-0.308442,-0.028885,-0.0107695,0.7373817,-0.00028245,-1.17433165
65,NARAIL,6552,LOHAGARA,-1.10957,-0.97539,-0.30235,-0.11125,1.50078,-0.06792,-0.110957,-0.292617,-0.0151175,-0.0055625,0.7428861,-0.0003396,-1.1674797
38,JOYPURHAT,3847,JOYPURHAT SADAR,-0.58398,-0.51574,0.2059,-0.39702,1.89017,-0.52208,-0.058398,-0.154722,0.010295,-0.019851,0.93563415,-0.0026104,-1.16092055
50,KUSHTIA,5079,KUSHTIA SADAR,-1.78114,-2.24887,0.64137,-0.15902,0.61075,-0.5002,-0.178114,-0.674661,0.0320685,-0.007951,0.30232125,-0.002501,-1.13347975
30,FENI,3029,FENI SADAR,-0.93437,-1.07335,1.47349,0.20901,1.60091,-0.43991,-0.093437,-0.322005,0.0736745,0.0104505,0.79245045,-0.00219955,-1.125967
33,GAZIPUR,3334,KALIGANJ,-1.08037,-1.29188,0.2241,-0.06033,1.26715,-0.52625,-0.108037,-0.387564,0.011205,-0.0030165,0.62723925,-0.00263125,-1.117283
10,BOGRA,1085,SHAJAHANPUR,-1.36262,-1.53301,0.31022,-0.31132,1.03351,-0.31499,-0.136262,-0.459903,0.015511,-0.015566,0.51158745,-0.00157495,-1.1093824
15,CHITTAGONG,1565,PATENGA,-1.79088,-2.18105,1.74885,0.19233,0.722,-0.61966,-0.179088,-0.654315,0.0874425,0.0096165,0.35739,-0.0030983,-1.0968323
78,PATUAKHALI,7876,MIRZAGANJ,-0.9149,-1.13364,-0.39211,-0.1756,1.22265,-0.02547,-0.09149,-0.340092,-0.0196055,-0.00878,0.60521175,-0.00012735,-1.0653066
4,BARGUNA,447,BETAGI,-0.84677,-0.998,-0.4285,-0.22777,1.30052,-0.05322,-0.084677,-0.2994,-0.021425,-0.0113885,0.6437574,-0.0002661,-1.060914
91,SYLHET,9162,SYLHET SADAR,-0.90517,-1.39737,2.05695,0.4056,1.43403,7.35215,-0.090517,-0.419211,0.1028475,0.02028,0.70984485,0.03676075,-1.0596846
91,SYLHET,9117,BEANI BAZAR,-0.70078,-1.27681,-0.06096,0.53553,1.25602,-0.3685,-0.070078,-0.383043,-0.003048,0.0267765,0.6217299,-0.0018425,-1.0529649
19,COMILLA,1967,COMILLA ADARSHA,-0.62291,-0.6363,3.24934,0.12192,1.92355,-0.65333,-0.062291,-0.19089,0.162467,0.006096,0.95215725,-0.00326665,-1.0400419
30,FENI,3014,CHHAGALNAIYA,-0.44772,-0.52327,0.35146,0.14874,1.66766,-0.53178,-0.044772,-0.156981,0.017573,0.007437,0.8254917,-0.0026589,-1.0048936
30,FENI,3025,DAGANBHUIYAN,-1.1193,-1.24667,0.90217,0.18807,1.15589,-0.14287,-0.11193,-0.374001,0.0451085,0.0094035,0.57216555,-0.00071435,-1.0042989
91,SYLHET,9131,DAKSHIN SURMA,-1.0901,-1.69879,0.36238,0.48167,0.84438,-0.42768,-0.10901,-0.509637,0.018119,0.0240835,0.4179681,-0.0021384,-0.996551
42,JHALOKATI,4240,JHALOKATI SADAR,0.32119,0.3659,0.37087,-0.18496,2.26844,-0.40264,0.032119,0.10977,0.0185435,-0.009248,1.1228778,-0.0020132,-0.9737065
15,CHITTAGONG,1553,MIRSHARAI,-1.40156,-1.46519,-0.27323,0.11496,0.74425,-0.31504,-0.140156,-0.439557,-0.0136615,0.005748,0.36840375,-0.0015752,-0.95760545
46,KHAGRACHHARI,4649,KHAGRACHHARI,-1.13876,-1.00553,-0.8203,-0.05446,0.96676,-0.47794,-0.113876,-0.301659,-0.041015,-0.002723,0.4785462,-0.0023897,-0.9402089
77,PANCHAGARH,7704,ATWARI,-0.76891,-0.65891,-0.50249,-0.23592,1.26715,-0.29224,-0.076891,-0.197673,-0.0251245,-0.011796,0.62723925,-0.0014612,-0.94018495
10,BOGRA,1006,ADAMDIGHI,-1.35289,-1.4878,0.12706,-0.33565,0.68862,-0.08599,-0.135289,-0.44634,0.006353,-0.0167825,0.3408669,-0.00042995,-0.93335535
91,SYLHET,9138,GOLAPGANJ,-0.76891,-1.35216,0.1028,0.63695,0.95563,-0.45537,-0.076891,-0.405648,0.00514,0.0318475,0.47303685,-0.00227685,-0.9208652
56,MANIKGANJ,5622,GHIOR,-1.29449,-1.44259,-0.08401,-0.22192,0.6775,-0.52634,-0.129449,-0.432777,-0.0042005,-0.011096,0.3353625,-0.0026317,-0.9155167
33,GAZIPUR,3386,SREEPUR,-1.27503,-1.38984,0.01546,-0.30265,0.71087,-0.09729,-0.127503,-0.416952,0.000773,-0.0151325,0.35188065,-0.00048645,-0.9111816
75,NOAKHALI,7521,COMPANIGANJ,-1.60595,-1.90224,-0.47702,0.15165,0.32148,-0.37382,-0.160595,-0.570672,-0.023851,0.0075825,0.1591326,-0.0018691,-0.9085372
79,PIROJPUR,7980,PIROJPUR SADAR,0.9441,0.74267,-0.08643,-0.18206,2.43532,-0.55832,0.09441,0.222801,-0.0043215,-0.009103,1.2054834,-0.0027916,-0.9044885
42,JHALOKATI,4243,KANTHALIA,0.23359,0.10217,-0.2793,-0.28573,1.87905,-0.00615,0.023359,0.030651,-0.013965,-0.0142865,0.93012975,-0.00003075,-0.904402
10,BOGRA,1054,KAHALOO,-1.45995,-1.59329,-0.15315,-0.38609,0.41049,-0.56735,-0.145995,-0.477987,-0.0076575,-0.0193045,0.20319255,-0.00283675,-0.8569733
33,GAZIPUR,3330,GAZIPUR SADAR,-1.0609,-0.80961,3.54895,-0.28497,1.35615,0.16988,-0.10609,-0.242883,0.1774475,-0.0142485,0.67129425,0.0008494,-0.85621885
50,KUSHTIA,5015,BHERAMARA,-1.77141,-2.21873,0.30416,-0.15241,0.03222,-0.25205,-0.177141,-0.665619,0.015208,-0.0076205,0.0159489,-0.00126025,-0.85238165
15,CHITTAGONG,1518,CHANDANAISH,-1.38209,-1.45766,0.12463,0.21132,0.57737,-0.63604,-0.138209,-0.437298,0.0062315,0.010566,0.28579815,-0.0031802,-0.84768785
26,DHAKA,2672,SAVAR,-0.09733,0.08709,4.72678,-0.36561,2.17943,0.81141,-0.009733,0.026127,0.236339,-0.0182805,1.07881785,0.00405705,-0.8403083
56,MANIKGANJ,5646,MANIKGANJ SADAR,-1.13876,-1.06582,0.46913,-0.16303,0.84438,-0.33702,-0.113876,-0.319746,0.0234565,-0.0081515,0.4179681,-0.0016851,-0.8379702
68,NARSINGDI,6863,PALASH,-0.88571,-0.80208,1.4553,-0.07993,1.13364,-0.38415,-0.088571,-0.240624,0.072765,-0.0039965,0.5611518,-0.00192075,-0.82349905
75,NOAKHALI,7587,NOAKHALI SADAR,-1.48915,-1.70632,0.62318,0.21335,0.36599,-0.28308,-0.148915,-0.511896,0.031159,0.0106675,0.18116505,-0.0014154,-0.80156495
56,MANIKGANJ,5678,SHIBALAYA,-1.16796,-1.28434,-0.22835,-0.21825,0.54399,-0.48872,-0.116796,-0.385302,-0.0114175,-0.0109125,0.26927505,-0.0024436,-0.79614665
1,BAGERHAT,108,BAGERHAT SADAR,-0.03893,0.23027,-0.09007,-0.24254,1.68991,-0.48069,-0.003893,0.069081,-0.0045035,-0.012127,0.83650545,-0.00240345,-0.7903514
68,NARSINGDI,6876,SHIBPUR,-0.89544,-1.05075,0.41697,-0.02892,0.811,-0.36523,-0.089544,-0.315225,0.0208485,-0.001446,0.401445,-0.00182615,-0.78863765
79,PIROJPUR,7987,NESARABAD (SWARUPKATI),1.08037,0.78788,0.00212,-0.16039,2.24619,-0.18974,0.108037,0.236364,0.000106,-0.0080195,1.11186405,-0.0009487,-0.77632525
10,BOGRA,1033,DHUPCHANCHIA,-1.35289,-1.48026,0.04457,-0.34895,0.36599,-0.04733,-0.135289,-0.444078,0.0022285,-0.0174475,0.18116505,-0.00023665,-0.7759877
58,MAULVIBAZAR,5874,MAULVIBAZAR SADAR,-0.61318,-1.21653,-0.06824,0.29579,0.722,-0.41916,-0.061318,-0.364959,-0.003412,0.0147895,0.35739,-0.0020958,-0.7743853
26,DHAKA,2618,DOHAR,-0.86624,-0.67398,0.42546,-0.06373,1.01126,-0.5639,-0.086624,-0.202194,0.021273,-0.0031865,0.5005737,-0.0028195,-0.7741247
79,PIROJPUR,7914,BHANDARIA,1.0609,0.68992,-0.17619,-0.17589,2.14606,-0.24346,0.10609,0.206976,-0.0088095,-0.0087945,1.0622997,-0.0012173,-0.768055
78,PATUAKHALI,7838,BAUPHAL,-0.49638,-0.66644,-0.51705,-0.10458,0.96676,-0.14482,-0.049638,-0.199932,-0.0258525,-0.005229,0.4785462,-0.0007241,-0.7599218
15,CHITTAGONG,1582,SATKANIA,-1.31396,-1.32956,0.38664,0.29088,0.47724,0.08166,-0.131396,-0.398868,0.019332,0.014544,0.2362338,0.0004083,-0.7322135
64,NAOGAON,6460,NAOGAON SADAR,-1.04143,-1.16378,0.50673,-0.30074,0.56624,-0.23993,-0.104143,-0.349134,0.0253365,-0.015037,0.2802888,-0.00119965,-0.72446595
67,NARAYANGANJ,6706,BANDAR,-1.45995,-0.90004,5.70082,-0.19139,1.16702,-0.21541,-0.145995,-0.270012,0.285041,-0.0095695,0.5776749,-0.00107705,-0.71928745
57,MEHERPUR,5760,MUJIB NAGAR,-1.41129,-1.45012,-0.19682,-0.29704,0.23248,0.03502,-0.141129,-0.435036,-0.009841,-0.014852,0.1150776,0.0001751,-0.7157605
65,NARAIL,6528,KALIA,-0.90517,-0.71919,-0.38847,-0.08669,0.7665,-0.00197,-0.090517,-0.215757,-0.0194235,-0.0043345,0.3794175,-0.00000985,-0.70945935
64,NAOGAON,6475,PATNITALA,-1.0609,-1.07335,-0.5401,-0.32586,0.45499,-0.0591,-0.10609,-0.322005,-0.027005,-0.016293,0.22522005,-0.0002955,-0.69690855
38,JOYPURHAT,3813,AKKELPUR,-0.54505,-0.44792,-0.19803,-0.40871,0.94451,-0.20179,-0.054505,-0.134376,-0.0099015,-0.0204355,0.46753245,-0.00100895,-0.6877594
59,MUNSHIGANJ,5994,TONGIBARI,-0.48665,-0.58355,0.42182,-0.03751,0.96676,-0.52055,-0.048665,-0.175065,0.021091,-0.0018755,0.4785462,-0.00260275,-0.68566345
6,BARISAL,651,BARISAL SADAR,1.16796,1.28522,-0.9319,0.02008,2.32407,2.69577,0.116796,0.385566,-0.046595,0.001004,1.15041465,0.01347885,-0.6801648
59,MUNSHIGANJ,5984,SREENAGAR,-0.44772,-0.49313,0.27747,-0.08529,0.98901,-0.56677,-0.044772,-0.147939,0.0138735,-0.0042645,0.48955995,-0.00283385,-0.6754958
30,FENI,3041,FULGAZI,-0.1168,-0.07868,0.14404,0.14681,1.2894,-0.38984,-0.01168,-0.023604,0.007202,0.0073405,0.638253,-0.0019492,-0.6609437
59,MUNSHIGANJ,5924,GAZARIA,-0.41852,-0.45545,0.18771,-0.09279,0.97789,-0.56446,-0.041852,-0.136635,0.0093855,-0.0046395,0.48405555,-0.0028223,-0.66061885
50,KUSHTIA,5071,KUMARKHALI,-1.76168,-2.17352,0.26777,-0.17535,-0.34604,0.15004,-0.176168,-0.652056,0.0133885,-0.0087675,-0.1712898,0.0007502,-0.651563
27,DINAJPUR,2730,CHIRIRBANDAR,0.35039,0.42619,0.38179,-0.1673,1.76779,10.66127,0.035039,0.127857,0.0190895,-0.008365,0.87505605,0.05330635,-0.6481292
15,CHITTAGONG,1504,ANOWARA,-1.30423,-1.30695,0.63895,0.18645,0.38824,5.35341,-0.130423,-0.392085,0.0319475,0.0093225,0.1921788,0.02676705,-0.64664975
15,CHITTAGONG,1533,FATIKCHHARI,-1.15823,-1.14871,-0.45033,0.21796,0.33261,-0.17889,-0.115823,-0.344613,-0.0225165,0.010898,0.16464195,-0.00089445,-0.6375909
15,CHITTAGONG,1578,SANDWIP,-1.12903,-1.03568,-0.83243,0.07678,0.34373,-0.19517,-0.112903,-0.310704,-0.0416215,0.003839,0.17014635,-0.00097585,-0.6325117
64,NAOGAON,6450,MAHADEBPUR,-1.25556,-1.29941,-0.38241,-0.36929,0.1546,0.6374,-0.125556,-0.389823,-0.0191205,-0.0184645,0.076527,0.003187,-0.626304
30,FENI,3051,PARSHURAM,-0.03893,-0.16911,0.00454,0.09537,1.15589,-0.55855,-0.003893,-0.050733,0.000227,0.0047685,0.57216555,-0.00279275,-0.6245888
64,NAOGAON,6406,BADALGACHHI,-1.29449,-1.34463,-0.13374,-0.42289,0.12123,-0.57258,-0.129449,-0.403389,-0.006687,-0.0211445,0.06000885,-0.0028629,-0.62354125
75,NOAKHALI,7547,KABIRHAT,-1.42102,-1.54055,0.01425,0.30319,0.0656,-0.38492,-0.142102,-0.462165,0.0007125,0.0151595,0.032472,-0.0019246,-0.6227916
78,PATUAKHALI,7866,KALA PARA,-0.90517,-0.94525,-0.68808,-0.25105,0.39936,-0.31101,-0.090517,-0.283575,-0.034404,-0.0125525,0.1976832,-0.00155505,-0.62028675
67,NARAYANGANJ,6704,SONARGAON,-0.88571,-0.8699,1.55355,-0.11282,0.68862,0.3043,-0.088571,-0.26097,0.0776775,-0.005641,0.3408669,0.0015215,-0.6168499
57,MEHERPUR,5787,MEHERPUR SADAR,-1.35289,-1.33709,-0.1483,-0.31046,0.1101,-0.33991,-0.135289,-0.401127,-0.007415,-0.015523,0.0544995,-0.00169955,-0.61555305
42,JHALOKATI,4273,NALCHITY,1.31396,1.02902,-0.2611,-0.09669,2.09043,-0.48789,0.131396,0.308706,-0.013055,-0.0048345,1.03476285,-0.00243945,-0.6149898
6,BARISAL,603,BABUGANJ,1.73248,1.19479,-0.24291,-0.1266,2.26844,-0.19103,0.173248,0.358437,-0.0121455,-0.00633,1.1228778,-0.00095515,-0.61062345
50,KUSHTIA,5063,KHOKSA,-1.75194,-2.12077,0.2241,-0.22192,-0.4128,-0.45271,-0.175194,-0.636231,0.011205,-0.011096,-0.204336,-0.00226355,-0.60924355
41,JESSORE,4104,ABHAYNAGAR,-0.30172,0.2378,0.01303,-0.21539,1.26715,-0.32982,-0.030172,0.07134,0.0006515,-0.0107695,0.62723925,-0.0016491,-0.59783835
33,GAZIPUR,3336,KAPASIA,-0.1168,-0.44038,-0.11312,-0.18999,0.87776,-0.48177,-0.01168,-0.132114,-0.005656,-0.0094995,0.4344912,-0.00240885,-0.59584955
15,CHITTAGONG,1570,RANGUNIA,-1.35289,-1.41998,-0.13738,0.11003,0.05447,-0.54693,-0.135289,-0.425994,-0.006869,0.0055015,0.02696265,-0.00273465,-0.5923478
64,NAOGAON,6428,DHAMOIRHAT,-1.09983,-1.1261,-0.53039,-0.41063,0.18798,0.12444,-0.109983,-0.33783,-0.0265195,-0.0205315,0.0930501,0.0006222,-0.5872919
4,BARGUNA,409,AMTALI,-0.68131,-0.75687,-0.81909,-0.18738,0.48837,0.8527,-0.068131,-0.227061,-0.0409545,-0.009369,0.24174315,0.0042635,-0.58299515
79,PIROJPUR,7958,MATHBARIA,0.64238,0.38851,-0.34844,-0.18382,1.47853,-0.6178,0.064238,0.116553,-0.017422,-0.009191,0.73187235,-0.003089,-0.58078335
26,DHAKA,2638,KERANIGANJ,-0.85651,-0.52327,4.49873,-0.11389,1.12252,-0.04922,-0.085651,-0.156981,0.2249365,-0.0056945,0.5556474,-0.0002461,-0.5792835
67,NARAYANGANJ,6768,RUPGANJ,-1.0025,-0.77947,2.40144,-0.14859,0.71087,-0.14202,-0.10025,-0.233841,0.120072,-0.0074295,0.35188065,-0.0007101,-0.57403925
47,KHULNA,4769,PHULTALA,-0.19466,0.06449,0.51522,-0.20518,1.17814,-0.61943,-0.019466,0.019347,0.025761,-0.010259,0.5831793,-0.00309715,-0.57089345
76,PABNA,7639,ISHWARDI,-0.56452,-0.50066,0.24229,-0.19057,0.73313,-0.00263,-0.056452,-0.150198,0.0121145,-0.0095285,0.36289935,-0.00001315,-0.5669765
93,TANGAIL,9366,MIRZAPUR,-0.29199,-0.46299,0.04821,-0.09422,0.78875,-0.288,-0.029199,-0.138897,0.0024105,-0.004711,0.39043125,-0.00144,-0.56226775
42,JHALOKATI,4284,RAJAPUR,1.05117,0.68992,-0.18105,-0.15476,1.72329,0.12914,0.105117,0.206976,-0.0090525,-0.007738,0.85302855,0.0006457,-0.55708035
77,PANCHAGARH,7773,PANCHAGARH SADAR,-0.75918,-0.65137,-0.32539,-0.09041,0.53287,0.05768,-0.075918,-0.195411,-0.0162695,-0.0045205,0.26377065,0.0002884,-0.55560125
73,NILPHAMARI,7385,SAIDPUR,-0.27252,-0.38763,-1.1276,-0.07109,0.68862,-0.22096,-0.027252,-0.116289,-0.05638,-0.0035545,0.3408669,-0.0011048,-0.5454472
38,JOYPURHAT,3861,KHETLAL,-0.71051,-0.5082,-0.35329,-0.45943,0.56624,-0.10425,-0.071051,-0.15246,-0.0176645,-0.0229715,0.2802888,-0.00052125,-0.54495705
44,JHENAIDAH,4442,KOTCHANDPUR,-1.1193,-0.95279,-0.2417,-0.25834,0.22135,-0.26753,-0.11193,-0.285837,-0.012085,-0.012917,0.10956825,-0.00133765,-0.5336749
38,JOYPURHAT,3874,PANCHBIBI,-0.52558,-0.34242,-0.35815,-0.36425,0.68862,0.36711,-0.052558,-0.102726,-0.0179075,-0.0182125,0.3408669,0.00183555,-0.53043535
36,HABIGANJ,3644,HABIGANJ SADAR,-0.66185,-1.20145,0.29809,0.26955,0.25473,-0.54789,-0.066185,-0.360435,0.0149045,0.0134775,0.12609135,-0.00273945,-0.5270688
91,SYLHET,9135,FENCHUGANJ,-0.54505,-1.20145,-0.16164,0.34065,0.23248,-0.38939,-0.054505,-0.360435,-0.008082,0.0170325,0.1150776,-0.00194695,-0.52301405
44,JHENAIDAH,4433,KALIGANJ,-0.9149,-0.66644,-0.17134,-0.24172,0.39936,-0.42551,-0.09149,-0.199932,-0.008567,-0.012086,0.1976832,-0.00212755,-0.51188575
35,GOPALGANJ,3532,GOPALGANJ SADAR,0.60345,0.62211,-0.20409,-0.01349,1.48966,-0.56552,0.060345,0.186633,-0.0102045,-0.0006745,0.7373817,-0.0028276,-0.5041103
50,KUSHTIA,5094,MIRPUR,-1.78114,-2.22627,0.03729,-0.24732,-0.72431,-0.48928,-0.178114,-0.667881,0.0018645,-0.012366,-0.35853345,-0.0024464,-0.50040945
69,NATORE,6909,BAGATIPARA,-0.03893,-0.09375,-0.13859,-0.33869,0.90001,0.286,-0.003893,-0.028125,-0.0069295,-0.0169345,0.44550495,0.00143,-0.49995695
93,TANGAIL,9309,BASAIL,-0.76891,-0.99046,-0.0464,-0.20019,0.22135,-0.59126,-0.076891,-0.297138,-0.00232,-0.0100095,0.10956825,-0.0029563,-0.49888305
1,BAGERHAT,134,FAKIRHAT,0.01947,0.26794,-0.71477,-0.28187,1.06689,-0.48097,0.001947,0.080382,-0.0357385,-0.0140935,0.52811055,-0.00240485,-0.4980184
44,JHENAIDAH,4419,JHENAIDAH SADAR,-0.90517,-0.67398,-0.09856,-0.22937,0.37711,-0.39537,-0.090517,-0.202194,-0.004928,-0.0114685,0.18666945,-0.00197685,-0.4977538
78,PATUAKHALI,7895,PATUAKHALI SADAR,0.41852,0.30562,-0.21622,-0.05744,1.23377,-0.32779,0.041852,0.091686,-0.010811,-0.002872,0.61071615,-0.00163895,-0.4925001
10,BOGRA,1067,NANDIGRAM,-1.23609,-1.26174,-0.44791,-0.329,-0.10128,0.32327,-0.123609,-0.378522,-0.0223955,-0.01645,-0.0501336,0.00161635,-0.48922655
85,RANGPUR,8549,RANGPUR SADAR,0.66185,0.32069,1.14841,-0.16074,1.40065,-0.66291,0.066185,0.096207,0.0574205,-0.008037,0.69332175,-0.00331455,-0.4848608
64,NAOGAON,6485,RANINAGAR,-1.37236,-1.47273,-0.40788,-0.28468,-0.26816,-0.25781,-0.137236,-0.441819,-0.020394,-0.014234,-0.1327392,-0.00128905,-0.48223285
56,MANIKGANJ,5628,HARIRAMPUR,-1.04143,-1.11103,-0.58376,-0.24158,-0.00115,-0.58538,-0.104143,-0.333309,-0.029188,-0.012079,-0.00056925,-0.0029269,-0.48107665
15,CHITTAGONG,1547,LOHAGARA,-1.1777,-1.09596,0.03608,0.23234,0.08785,-0.59512,-0.11777,-0.328788,0.001804,0.011617,0.04348575,-0.0029756,-0.47959835
1,BAGERHAT,158,MONGLA,0.36012,0.68239,-0.50007,-0.35576,1.36728,0.1262,0.036012,0.204717,-0.0250035,-0.017788,0.6768036,0.000631,-0.4782351
29,FARIDPUR,2903,ALFADANGA,-0.34066,-0.22186,-0.24776,-0.1161,0.71087,-0.42295,-0.034066,-0.066558,-0.012388,-0.005805,0.35188065,-0.00211475,-0.4728124
56,MANIKGANJ,5670,SATURIA,-1.24583,-1.34463,0.20833,-0.21561,-0.12353,-0.53973,-0.124583,-0.403389,0.0104165,-0.0107805,-0.06114735,-0.00269865,-0.4698873
41,JESSORE,4138,KESHABPUR,0.13626,0.68992,0.79542,2.50288,1.71217,-0.50841,0.013626,0.206976,0.039771,0.125144,0.84752415,-0.00254205,-0.4645492
12,BRAHMANBARIA,1233,BRAHMANBARIA SADAR,-0.66185,-0.51574,0.44729,0.29681,0.55512,-0.48559,-0.066185,-0.154722,0.0223645,0.0148405,0.2747844,-0.00242795,-0.46091435
50,KUSHTIA,5039,DAULATPUR,-1.75194,-2.17352,-0.09371,-0.27055,-0.79106,0.27033,-0.175194,-0.652056,-0.0046855,-0.0135275,-0.3915747,0.00135165,-0.45253665
64,NAOGAON,6447,MANDA,-1.32369,-1.36723,-0.10099,-0.41373,-0.23479,0.03714,-0.132369,-0.410169,-0.0050495,-0.0206865,-0.11622105,0.0001857,-0.45186725
26,DHAKA,2614,DHAMRAI,-0.96357,-0.75687,0.35268,-0.16056,0.26586,-0.27939,-0.096357,-0.227061,0.017634,-0.008028,0.1316007,-0.00139695,-0.44680965
64,NAOGAON,6403,ATRAI,-1.36262,-1.45766,-0.45155,-0.20494,-0.33492,-0.65065,-0.136262,-0.437298,-0.0225775,-0.010247,-0.1657854,-0.00325325,-0.44385235
59,MUNSHIGANJ,5974,SERAJDIKHAN,-0.24333,-0.30474,0.66442,0.03138,0.722,-0.5631,-0.024333,-0.091422,0.033221,0.001569,0.35739,-0.0028155,-0.4411705
91,SYLHET,9120,BISHWANATH,-0.90517,-1.53301,0.04821,0.57724,-0.16804,-0.24398,-0.090517,-0.459903,0.0024105,0.028862,-0.0831798,-0.0012199,-0.4371876
69,NATORE,6963,NATORE SADAR,-0.01947,-0.07868,0.06277,-0.30258,0.79988,-0.30814,-0.001947,-0.023604,0.0031385,-0.015129,0.3959406,-0.0015407,-0.4350228
77,PANCHAGARH,7725,BODA,-0.68131,-0.47052,-0.46974,-0.24975,0.37711,0.3509,-0.068131,-0.141156,-0.023487,-0.0124875,0.18666945,0.0017545,-0.43017645
81,RAJSHAHI,8153,MOHANPUR,-0.68131,-0.59862,-0.00759,-0.36313,0.32148,-0.37779,-0.068131,-0.179586,-0.0003795,-0.0181565,0.1591326,-0.00188895,-0.42727455
35,GOPALGANJ,3543,KASHIANI,0.54505,0.4714,-0.39575,-0.10668,1.20039,-0.39255,0.054505,0.14142,-0.0197875,-0.005334,0.59419305,-0.00196275,-0.4253523
59,MUNSHIGANJ,5956,MUNSHIGANJ SADAR,-0.37959,-0.15404,0.73477,-0.02758,0.75538,-0.24047,-0.037959,-0.046212,0.0367385,-0.001379,0.3739131,-0.00120235,-0.42392695
19,COMILLA,1918,BURICHANG,-0.16546,0.03435,0.96039,0.18107,0.95563,-0.19487,-0.016546,0.010305,0.0480195,0.0090535,0.47303685,-0.00097435,-0.4231792
10,BOGRA,1040,GABTALI,-1.29449,-1.29941,0.34297,-0.37526,-0.20141,-0.05698,-0.129449,-0.389823,0.0171485,-0.018763,-0.09969795,-0.0002849,-0.42147345
6,BARISAL,610,BANARI PARA,1.85901,1.45853,0.06277,-0.16754,2.09043,-0.55797,0.185901,0.437559,0.0031385,-0.008377,1.03476285,-0.00278985,-0.4193312
47,KHULNA,4775,RUPSA,0.1168,0.30562,0.53705,-0.19345,1.08914,-0.13978,0.01168,0.091686,0.0268525,-0.0096725,0.5391243,-0.0006989,-0.4192772
93,TANGAIL,9323,DELDUAR,-0.43799,-0.64384,0.08703,-0.10734,0.35486,-0.44389,-0.043799,-0.193152,0.0043515,-0.005367,0.1756557,-0.00221945,-0.41584165
91,SYLHET,9108,BALAGANJ,-0.31146,-0.99046,-0.2417,0.48627,0.1991,0.76552,-0.031146,-0.297138,-0.012085,0.0243135,0.0985545,0.0038276,-0.4107824
84,RANGAMATI,8475,NANIARCHAR,-1.24583,-0.87743,-1.14053,-0.05682,-0.07903,-0.22833,-0.124583,-0.263229,-0.0570265,-0.002841,-0.03911985,-0.00114165,-0.4097013
84,RANGAMATI,8447,JURAI CHHARI,-1.24583,-1.02061,-1.21938,-0.08684,-0.17916,-0.41457,-0.124583,-0.306183,-0.060969,-0.004342,-0.0886842,-0.00207285,-0.40946565
59,MUNSHIGANJ,5944,LOHAJANG,0.10706,0.05695,0.19862,-0.15853,0.86663,-0.56307,0.010706,0.017085,0.009931,-0.0079265,0.42898185,-0.00281535,-0.4020017
12,BRAHMANBARIA,1202,AKHAURA,-0.59371,-0.44792,0.52128,0.19731,0.47724,-0.36238,-0.059371,-0.134376,0.026064,0.0098655,0.2362338,-0.0018119,-0.3958632
94,THAKURGAON,9494,THAKURGAON SADAR,-0.12653,-0.31982,-0.19924,-0.15716,0.54399,-0.02168,-0.012653,-0.095946,-0.009962,-0.007858,0.26927505,-0.0001084,-0.39580245
27,DINAJPUR,2764,DINAJPUR SADAR,-0.24333,-0.34996,-0.14102,-0.19229,0.49949,-0.48657,-0.024333,-0.104988,-0.007051,-0.0096145,0.24724755,-0.00243285,-0.3956669
19,COMILLA,1931,CHAUDDAGRAM,0,0.11724,0.71415,0.14133,0.94451,-0.45128,0,0.035172,0.0357075,0.0070665,0.46753245,-0.0022564,-0.39184285
78,PATUAKHALI,7852,DASHMINA,-0.74944,-0.83222,-0.84941,-0.16913,0.03222,0.2263,-0.074944,-0.249666,-0.0424705,-0.0084565,0.0159489,0.0011315,-0.3903544
48,KISHORGONJ,4879,PAKUNDIA,-0.53532,-0.5082,0.40484,-0.15846,0.37711,-0.39537,-0.053532,-0.15246,0.020242,-0.007923,0.18666945,-0.00197685,-0.3823193
1,BAGERHAT,138,KACHUA,0.44772,0.7276,-1.08474,-0.23888,1.16702,-0.2748,0.044772,0.21828,-0.054237,-0.011944,0.5776749,-0.001374,-0.3821779
12,BRAHMANBARIA,1204,ASHUGANJ,-0.9149,-0.83222,1.96719,0.26183,0.31036,0.67034,-0.09149,-0.249666,0.0983595,0.0130915,0.1536282,0.0033517,-0.3799815
58,MAULVIBAZAR,5814,BARLEKHA,0.17519,-0.53834,-0.57891,0.45556,0.44386,-0.06795,0.017519,-0.161502,-0.0289455,0.022778,0.2197107,-0.00033975,-0.37020095
68,NARSINGDI,6852,MANOHARDI,-0.70078,-0.7644,0.44608,-0.16521,0.16573,-0.43323,-0.070078,-0.22932,0.022304,-0.0082605,0.08203635,-0.00216615,-0.369557
64,NAOGAON,6479,PORSHA,-0.93437,-0.83976,-0.64199,-0.18641,-0.06791,0.03502,-0.093437,-0.251928,-0.0320995,-0.0093205,-0.03361545,0.0001751,-0.35299445
82,RAJBARI,8276,RAJBARI SADAR,0.38932,0.44126,-0.02699,-0.14554,1.03351,-0.09122,0.038932,0.132378,-0.0013495,-0.007277,0.51158745,-0.0004561,-0.34936005
38,JOYPURHAT,3858,KALAI,-0.67158,-0.54588,-0.23078,-0.43384,0.1546,-0.26014,-0.067158,-0.163764,-0.011539,-0.021692,0.076527,-0.0013007,-0.3419807
1,BAGERHAT,177,SARANKHOLA,0.89544,1.14205,-0.23442,-0.23828,1.51191,0.07032,0.089544,0.342615,-0.011721,-0.011914,0.74839545,0.0003516,-0.33951985
12,BRAHMANBARIA,1263,KASBA,-0.69104,-0.55341,0.29324,0.20833,0.25473,0.33082,-0.069104,-0.166023,0.014662,0.0104165,0.12609135,0.0016541,-0.33448575
70,NAWABGANJ,7018,BHOLAHAT,-0.98304,-0.90757,-0.2611,-0.21509,-0.13466,-0.25534,-0.098304,-0.272271,-0.013055,-0.0107545,-0.0666567,-0.0012767,-0.3290045
29,FARIDPUR,2956,MADHUKHALI,-0.28226,-0.17664,-0.20045,-0.11892,0.45499,-0.30405,-0.028226,-0.052992,-0.0100225,-0.005946,0.22522005,-0.00152025,-0.3239268
56,MANIKGANJ,5682,SINGAIR,-1.15823,-1.11103,0.3272,-0.13268,-0.24591,-0.53013,-0.115823,-0.333309,0.01636,-0.006634,-0.12172545,-0.00265065,-0.3203312
76,PABNA,7655,PABNA SADAR,-0.45745,-0.3801,0.35632,-0.20006,0.33261,-0.58867,-0.045745,-0.11403,0.017816,-0.010003,0.16464195,-0.00294335,-0.3195473
77,PANCHAGARH,7790,TENTULIA,-0.99277,-0.85483,-0.47095,-0.10063,-0.12353,0.73451,-0.099277,-0.256449,-0.0235475,-0.0050315,-0.06114735,0.00367255,-0.3194851
68,NARSINGDI,6860,NARSINGDI SADAR,-0.79811,-0.75687,2.74594,-0.00591,0.27698,-0.26581,-0.079811,-0.227061,0.137297,-0.0002955,0.1371051,-0.00132905,-0.30830465
19,COMILLA,1933,COMILLA SADAR,0.0292,0.03435,1.19329,0.11736,0.77763,-0.23911,0.00292,0.010305,0.0596645,0.005868,0.38492685,-0.00119555,-0.3073649
94,THAKURGAON,9482,PIRGANJ,-0.9149,-0.71919,-0.44063,-0.23315,-0.06791,0.07714,-0.09149,-0.215757,-0.0220315,-0.0116575,-0.03361545,0.0003857,-0.30693485
68,NARSINGDI,6807,BELABO,-0.71051,-0.82469,0.68019,-0.10466,0.00997,-0.47839,-0.071051,-0.247407,0.0340095,-0.005233,0.00493515,-0.00239195,-0.2970086
35,GOPALGANJ,3551,KOTALIPARA,0.84677,0.81049,-0.48915,0.02599,1.20039,-0.28953,0.084677,0.243147,-0.0244575,0.0012995,0.59419305,-0.00144765,-0.2909747
81,RAJSHAHI,8182,PUTHIA,-0.55478,-0.45545,0.03123,-0.34014,0.13235,-0.52921,-0.055478,-0.136635,0.0015615,-0.017007,0.06551325,-0.00264605,-0.2757178
46,KHAGRACHHARI,4643,DIGHINALA,-1.05117,-0.77947,-1.09444,-0.06318,-0.24591,0.06639,-0.105117,-0.233841,-0.054722,-0.003159,-0.12172545,0.00033195,-0.2747816
79,PIROJPUR,7947,KAWKHALI,2.005,1.45853,-0.20652,-0.17082,1.80117,-0.46646,0.2005,0.437559,-0.010326,-0.008541,0.89157915,-0.0023323,-0.27471945
58,MAULVIBAZAR,5865,KULAURA,0.39905,-0.35749,-0.47459,0.28455,0.38824,-0.31772,0.039905,-0.107247,-0.0237295,0.0142275,0.1921788,-0.0015886,-0.2706114
19,COMILLA,1940,DEBIDWAR,0.53532,0.64471,0.91672,0.1981,1.15589,-0.14494,0.053532,0.193413,0.045836,0.009905,0.57216555,-0.0007247,-0.27020425
41,JESSORE,4123,JHIKARGACHHA,-0.10706,0.45633,-0.08643,-0.27995,0.75538,-0.54924,-0.010706,0.136899,-0.0043215,-0.0139975,0.3739131,-0.0027462,-0.2687853
58,MAULVIBAZAR,5880,RAJNAGAR,-0.09733,-0.79454,-0.44063,0.27735,0.0211,0.35346,-0.009733,-0.238362,-0.0220315,0.0138675,0.0104445,0.0017673,-0.2649362
29,FARIDPUR,2947,FARIDPUR SADAR,0.22386,0.41112,0.10401,-0.08455,0.82213,-0.62272,0.022386,0.123336,0.0052005,-0.0042275,0.40695435,-0.0031136,-0.26337295
67,NARAYANGANJ,6758,NARAYANGANJ SADAR,-0.86624,-0.37256,14.71589,-0.21294,1.58979,-0.25471,-0.086624,-0.111768,0.7357945,-0.010647,0.78694605,-0.00127355,-0.2614641
10,BOGRA,1094,SHIBGANJ,-1.23609,-1.20145,0.18407,-0.38674,-0.47955,0.2468,-0.123609,-0.360435,0.0092035,-0.019337,-0.23737725,0.001234,-0.25556625
13,CHANDPUR,1395,SHAHRASTI,1.02197,1.33043,0.52007,0.09552,1.58979,-0.06759,0.102197,0.399129,0.0260035,0.004776,0.78694605,-0.00033795,-0.2551785
27,DINAJPUR,2738,FULBARI,-0.1168,0.07202,-0.34116,-0.2735,0.46611,-0.05117,-0.01168,0.021606,-0.017058,-0.013675,0.23072445,-0.00025585,-0.2517873
81,RAJSHAHI,8131,DURGAPUR,-0.65211,-0.53834,-0.13617,-0.37815,-0.0234,-0.58531,-0.065211,-0.161502,-0.0068085,-0.0189075,-0.011583,-0.00292655,-0.24377255
64,NAOGAON,6469,NIAMATPUR,-1.0317,-1.01307,-0.60439,-0.29523,-0.4128,1.21154,-0.10317,-0.303921,-0.0302195,-0.0147615,-0.204336,0.0060577,-0.2416783
41,JESSORE,4147,JESSORE SADAR,-0.25306,0.18505,-0.09735,-0.25029,0.51062,-0.10209,-0.025306,0.055515,-0.0048675,-0.0125145,0.2527569,-0.00051045,-0.24044035
93,TANGAIL,9395,TANGAIL SADAR,0.18493,-0.08622,0.6159,-0.03987,0.52174,-0.50919,0.018493,-0.025866,0.030795,-0.0019935,0.2582613,-0.00254595,-0.23937875
10,BOGRA,1088,SHERPUR,-1.30423,-1.29188,0.08945,-0.27654,-0.60193,0.12914,-0.130423,-0.387564,0.0044725,-0.013827,-0.29795535,0.0006457,-0.22874045
84,RANGAMATI,8478,RAJASTHALI,-1.1485,-0.93018,-1.05684,-0.16658,-0.46842,-0.43462,-0.11485,-0.279054,-0.052842,-0.008329,-0.2318679,-0.0021731,-0.2253802
51,LAKSHMIPUR,5173,RAMGATI,-0.29199,-0.18418,0.42788,-0.06678,0.29923,-0.2793,-0.029199,-0.055254,0.021394,-0.003339,0.14811885,-0.0013965,-0.21591335
57,MEHERPUR,5747,GANGNI,-1.34316,-1.28434,-0.27687,-0.3679,-0.69093,-0.1552,-0.134316,-0.385302,-0.0138435,-0.018395,-0.34201035,-0.000776,-0.21062215
6,BARISAL,602,AGAILJHARA,1.86874,1.37564,-0.10948,-0.07732,1.61204,-0.4218,0.186874,0.412692,-0.005474,-0.003866,0.7979598,-0.002109,-0.2098428
46,KHAGRACHHARI,4665,MAHALCHHARI,-1.1193,-0.86236,-1.03015,-0.09012,-0.44617,-0.54147,-0.11193,-0.258708,-0.0515075,-0.004506,-0.22085415,-0.00270735,-0.2085047
82,RAJBARI,8207,BALIAKANDI,0.48665,0.51661,-0.17862,-0.1085,0.78875,-0.20007,0.048665,0.154983,-0.008931,-0.005425,0.39043125,-0.00100035,-0.2021396
27,DINAJPUR,2747,HAKIMPUR,0.33092,0.45633,-0.15072,-0.28852,0.69975,-0.19677,0.033092,0.136899,-0.007536,-0.014426,0.34637625,-0.00098385,-0.1993311
79,PIROJPUR,7990,ZIANAGAR,1.63515,1.22494,-0.28537,-0.10298,1.4229,-0.3781,0.163515,0.367482,-0.0142685,-0.005149,0.7043355,-0.0018905,-0.1946465
22,COX'S BAZAR,2224,COX'S BAZAR,-0.66185,-0.50066,1.16418,0.33999,0.08785,-0.47801,-0.066185,-0.150198,0.058209,0.0169995,0.04348575,-0.00239005,-0.1870503
3,BANDARBAN,314,BANDARBAN SADAR,-0.33092,-0.15404,-1.06169,-0.03087,0.09897,-0.48182,-0.033092,-0.046212,-0.0530845,-0.0015435,0.04899015,-0.0024091,-0.18533125
47,KHULNA,4712,BATIAGHATA,0.36012,0.57689,-0.43699,-0.21626,0.722,-0.45241,0.036012,0.173067,-0.0218495,-0.010813,0.35739,-0.00226205,-0.18323555
35,GOPALGANJ,3591,TUNGIPARA,0.69104,0.73514,-0.32297,0.06961,0.91113,-0.26668,0.069104,0.220542,-0.0161485,0.0034805,0.45100935,-0.0013334,-0.17536475
6,BARISAL,694,WAZIRPUR,1.82981,1.451,-0.12767,-0.12507,1.56753,-0.05042,0.182981,0.4353,-0.0063835,-0.0062535,0.77592735,-0.0002521,-0.17053545
1,BAGERHAT,160,MORRELGANJ,0.77864,1.02902,-1.16237,-0.21095,0.97789,-0.44843,0.077864,0.308706,-0.0581185,-0.0105475,0.48405555,-0.00224215,-0.1683937
47,KHULNA,4717,DACOPE,0.57425,0.87831,-1.08838,-0.24315,0.84438,-0.14538,0.057425,0.263493,-0.054419,-0.0121575,0.4179681,-0.0007269,-0.1643535
47,KHULNA,4730,DUMURIA,0.0584,0.32823,-0.45882,-0.22961,0.46611,-0.29883,0.00584,0.098469,-0.022941,-0.0114805,0.23072445,-0.00149415,-0.1623311
94,THAKURGAON,9486,RANISANKAIL,-0.76891,-0.53081,-0.33752,-0.15945,-0.20141,0.13025,-0.076891,-0.159243,-0.016876,-0.0079725,-0.09969795,0.00065125,-0.1606333
70,NAWABGANJ,7056,NACHOLE,-0.73971,-0.65137,-0.64805,-0.11793,-0.32379,-0.16647,-0.073971,-0.195411,-0.0324025,-0.0058965,-0.16027605,-0.00083235,-0.1482373
58,MAULVIBAZAR,5856,KAMALGANJ,0.29199,-0.46299,-0.62743,0.10699,0.0211,-0.23336,0.029199,-0.138897,-0.0313715,0.0053495,0.0104445,-0.0011668,-0.1473313
41,JESSORE,4161,MANIRAMPUR,0.03893,0.55429,-0.13495,-0.25575,0.58849,-0.25038,0.003893,0.166287,-0.0067475,-0.0127875,0.29130255,-0.0012519,-0.14190945
61,MYMENSINGH,6113,BHALUKA,-0.40879,-0.13143,-0.09978,-0.29827,0.07672,-0.44389,-0.040879,-0.039429,-0.004989,-0.0149135,0.0379764,-0.00221945,-0.14040635
84,RANGAMATI,8425,KAWKHALI (BETBUNIA),-1.0025,-0.71166,-1.06169,-0.04404,-0.46842,-0.50785,-0.10025,-0.213498,-0.0530845,-0.002202,-0.2318679,-0.00253925,-0.13970585
47,KHULNA,4740,DIGHALIA,0.28226,0.48647,0.54191,-0.18556,0.65525,-0.47088,0.028226,0.145941,0.0270955,-0.009278,0.32434875,-0.0023544,-0.13471865
27,DINAJPUR,2710,BIRAMPUR,0,0.23027,-0.30235,-0.28486,0.35486,0.26329,0,0.069081,-0.0151175,-0.014243,0.1756557,0.00131645,-0.13461875
81,RAJSHAHI,8172,PABA,-0.18493,0.04188,-0.15436,-0.26514,0.21023,-0.33076,-0.018493,0.012564,-0.007718,-0.013257,0.10406385,-0.0016538,-0.13262165
44,JHENAIDAH,4471,MAHESHPUR,-0.93437,-0.69658,-0.30963,-0.23937,-0.40167,0.37452,-0.093437,-0.208974,-0.0154815,-0.0119685,-0.19882665,0.0018726,-0.12916175
48,KISHORGONJ,4849,KISHOREGANJ  SADAR,-0.43799,-0.39517,1.31823,-0.05308,0.05447,-0.5763,-0.043799,-0.118551,0.0659115,-0.002654,0.02696265,-0.0028815,-0.12893665
73,NILPHAMARI,7315,DOMAR,-0.34066,-0.11636,-1.01273,-0.18243,-0.01228,-0.15458,-0.034066,-0.034908,-0.0506365,-0.0091215,-0.0060786,-0.0007729,-0.1234263
18,CHUADANGA,1823,CHUADANGA SADAR,-0.71051,-0.2746,0.0009,-0.27777,-0.09016,0.48994,-0.071051,-0.08238,0.000045,-0.0138885,-0.0446292,0.0024497,-0.1201956
27,DINAJPUR,2721,BOCHAGANJ,0.19466,0.41865,-0.41152,-0.27452,0.46611,0.20002,0.019466,0.125595,-0.020576,-0.013726,0.23072445,0.0010001,-0.11896535
19,COMILLA,1915,BRAHMAN PARA,0.26279,0.53168,0.65714,0.27029,0.69975,-0.37043,0.026279,0.159504,0.032857,0.0135145,0.34637625,-0.00185215,-0.1160739
18,CHUADANGA,1807,ALAMDANGA,-0.88571,-0.51574,-0.12404,-0.30319,-0.30154,0.27621,-0.088571,-0.154722,-0.006202,-0.0151595,-0.1492623,0.00138105,-0.11401115
9,BHOLA,921,BURHANUDDIN,-0.26279,-0.34242,-0.27809,0.0341,-0.05678,0.35908,-0.026279,-0.102726,-0.0139045,0.001705,-0.0281061,0.0017954,-0.111303
13,CHANDPUR,1345,FARIDGANJ,0.75918,1.03655,0.79664,-0.0445,1.07801,-0.27478,0.075918,0.310965,0.039832,-0.002225,0.53361495,-0.0013739,-0.11049885
54,MADARIPUR,5454,MADARIPUR SADAR,-0.146,0.16245,0.2059,-0.03723,0.29923,-0.26259,-0.0146,0.048735,0.010295,-0.0018615,0.14811885,-0.00131295,-0.1068633
70,NAWABGANJ,7066,CHAPAI SADAR,-0.59371,-0.56095,0.14889,-0.01279,-0.23479,-0.24209,-0.059371,-0.168285,0.0074445,-0.0006395,-0.11622105,-0.00121045,-0.1058404
6,BARISAL,607,BAKERGANJ,2.25806,1.69966,-0.24291,-0.14569,1.65654,-0.30708,0.225806,0.509898,-0.0121455,-0.0072845,0.8199873,-0.0015354,-0.1052487
22,COX'S BAZAR ,2216,CHAKARIA,-0.56452,-0.32735,-0.13253,0.26308,-0.09016,-0.23402,-0.056452,-0.098205,-0.0066265,0.013154,-0.0446292,-0.0011701,-0.1046704
27,DINAJPUR,2777,PARBATIPUR,0.30172,0.51661,-0.15436,-0.25914,0.61075,7.84953,0.030172,0.154983,-0.007718,-0.012957,0.30232125,0.03924765,-0.0985936
84,RANGAMATI,8421,BARKAL,-1.02197,-0.5082,-1.19997,0.13385,-0.43505,0.37676,-0.102197,-0.15246,-0.0599985,0.0066925,-0.21534975,0.0018838,-0.09072945
78,PATUAKHALI,7857,GALACHIPA,-0.44772,-0.51574,-0.92947,-0.09202,-0.33492,0.47375,-0.044772,-0.154722,-0.0464735,-0.004601,-0.1657854,0.00236875,-0.08241435
1,BAGERHAT,156,MOLLAHAT,0.74944,0.99887,-0.39817,-0.05993,0.86663,-0.53707,0.074944,0.299661,-0.0199085,-0.0029965,0.42898185,-0.00268535,-0.0799672
81,RAJSHAHI,8110,BAGHA,-0.06813,0.05695,-0.06824,-0.33082,0.13235,-0.43194,-0.006813,0.017085,-0.003412,-0.016541,0.06551325,-0.0021597,-0.07735395
19,COMILLA,1972,LAKSAM,0.09733,0.3433,1.00527,0.1784,0.49949,-0.39441,0.009733,0.10299,0.0502635,0.00892,0.24724755,-0.00197205,-0.0773131
41,JESSORE,4111,CHAUGACHHA,0.16546,0.75021,-0.23321,-0.26564,0.58849,-0.37855,0.016546,0.225063,-0.0116605,-0.013282,0.29130255,-0.00189275,-0.0765288
87,SATKHIRA,8725,DEBHATA,0.82731,0.77281,-0.39696,-0.2217,0.71087,-0.3201,0.082731,0.231843,-0.019848,-0.011085,0.35188065,-0.0016005,-0.06984015
54,MADARIPUR,5440,KALKINI,-0.31146,0.02681,-0.0925,-0.05578,0.0656,-0.38462,-0.031146,0.008043,-0.004625,-0.002789,0.032472,-0.0019231,-0.0649121
9,BHOLA,991,TAZUMUDDIN,-0.74944,-0.79454,-0.97557,-0.13294,-0.61305,0.75199,-0.074944,-0.238362,-0.0487785,-0.006647,-0.30345975,0.00375995,-0.0615118
54,MADARIPUR,5480,RAJOIR,-0.35039,-0.10883,-0.0646,-0.01692,-0.0234,-0.14277,-0.035039,-0.032649,-0.00323,-0.000846,-0.011583,-0.00071385,-0.06089485
88,SIRAJGANJ,8894,ULLAH PARA,0.18493,0.28301,0.32599,-0.16054,0.35486,1.07036,0.018493,0.084903,0.0162995,-0.008027,0.1756557,0.0053518,-0.0586354
18,CHUADANGA,1855,JIBAN NAGAR,-0.72998,-0.28214,-0.18226,-0.27632,-0.25704,-0.21205,-0.072998,-0.084642,-0.009113,-0.013816,-0.1272348,-0.00106025,-0.05439445
69,NATORE,6944,LALPUR,0.27252,0.2152,-0.25989,-0.25478,0.24361,0.54799,0.027252,0.06456,-0.0129945,-0.012739,0.12058695,0.00273995,-0.0517685
13,CHANDPUR,1322,CHANDPUR SADAR,0.67158,0.95366,0.55525,0.00513,0.85551,-0.43695,0.067158,0.286098,0.0277625,0.0002565,0.42347745,-0.00218475,-0.0443872
64,NAOGAON,6486,SAPAHAR,-0.9733,-0.86236,-0.47217,-0.11067,-0.69093,0.02091,-0.09733,-0.258708,-0.0236085,-0.0055335,-0.34201035,0.00010455,-0.0430651
46,KHAGRACHHARI,4677,PANCHHARI,-1.0317,-0.71166,-1.04956,-0.14852,-0.67981,-0.37676,-0.10317,-0.213498,-0.052478,-0.007426,-0.33650595,-0.0018838,-0.04194985
58,MAULVIBAZAR,5883,SREEMANGAL,0.55478,-0.26707,-0.4188,0.05987,-0.01228,-0.47422,0.055478,-0.080121,-0.02094,0.0029935,-0.0060786,-0.0023711,-0.038882
19,COMILLA,1909,BARURA,0.1168,0.38097,0.75782,0.06969,0.41049,-0.30831,0.01168,0.114291,0.037891,0.0034845,0.20319255,-0.00154155,-0.0373876
41,JESSORE,4109,BAGHER PARA,0.18493,0.7276,-0.42122,-0.16516,0.48837,-0.3489,0.018493,0.21828,-0.021061,-0.008258,0.24174315,-0.0017445,-0.03603365
79,PIROJPUR,7976,NAZIRPUR,1.71301,1.40578,-0.31812,-0.12041,1.21152,0.10752,0.171301,0.421734,-0.015906,-0.0060205,0.5997024,0.0005376,-0.0280563
81,RAJSHAHI,8112,BAGHMARA,-0.39905,-0.25953,-0.10099,-0.40252,-0.23479,-0.18513,-0.039905,-0.077859,-0.0050495,-0.020126,-0.11622105,-0.00092565,-0.0276441
47,KHULNA,4764,PAIKGACHHA,0.41852,0.72007,-0.54374,-0.24784,0.48837,-0.15793,0.041852,0.216021,-0.027187,-0.012392,0.24174315,-0.00078965,-0.0242388
13,CHANDPUR,1349,HAJIGANJ,1.31396,1.57156,0.83545,0.1224,1.35615,-0.40339,0.131396,0.471468,0.0417725,0.00612,0.67129425,-0.00201695,-0.0225547
81,RAJSHAHI,8125,CHARGHAT,-0.21413,-0.10883,0.24957,-0.30984,-0.07903,-0.52994,-0.021413,-0.032649,0.0124785,-0.015492,-0.03911985,-0.0026497,-0.02060535
52,LALMONIRHAT,5255,LALMONIRHAT SADAR,-0.37959,-0.11636,0.25685,-0.22064,-0.11241,-0.28057,-0.037959,-0.034908,0.0128425,-0.011032,-0.05564295,-0.00140285,-0.0168164
58,MAULVIBAZAR,5835,JURI,1.19716,0.26041,-0.30477,0.2827,0.43274,0.42685,0.119716,0.078123,-0.0152385,0.014135,0.2142063,0.00213425,-0.01533655
10,BOGRA,1095,SONATOLA,-0.84677,-0.68905,0.16951,-0.36952,-0.57968,0.35857,-0.084677,-0.206715,0.0084755,-0.018476,-0.2869416,0.00179285,-0.01265805
69,NATORE,6915,BARAIGRAM,0.30172,0.24534,-0.14344,-0.30955,0.17685,-0.19244,0.030172,0.073602,-0.007172,-0.0154775,0.08754075,-0.0009622,-0.00737845
1,BAGERHAT,114,CHITALMARI,1.07063,1.29275,-0.38119,-0.23169,0.93338,0.01933,0.107063,0.387825,-0.0190595,-0.0115845,0.4620231,0.00009665,0.00231755
18,CHUADANGA,1831,DAMURHUDA,-0.82731,-0.43285,-0.14951,-0.24944,-0.46842,0.61858,-0.082731,-0.129855,-0.0074755,-0.012472,-0.2318679,0.0030929,0.0024273
46,KHAGRACHHARI,4670,MATIRANGA,-0.73971,-0.34242,-0.96586,-0.0471,-0.46842,-0.14851,-0.073971,-0.102726,-0.048293,-0.002355,-0.2318679,-0.00074255,0.00378035
84,RANGAMATI,8458,LANGADU,-0.88571,-0.26707,-1.02045,-0.08418,-0.46842,-0.10188,-0.088571,-0.080121,-0.0510225,-0.004209,-0.2318679,-0.0005094,0.007435
84,RANGAMATI,8407,BAGHAICHHARI,-1.0609,-0.60616,-1.21453,0.02801,-0.72431,0.39854,-0.10609,-0.181848,-0.0607265,0.0014005,-0.35853345,0.0019927,0.01326215
81,RAJSHAHI,8194,TANORE,0.16546,0.2152,-0.48915,-0.29275,0.04335,-0.5614,0.016546,0.06456,-0.0244575,-0.0146375,0.02145825,-0.002807,0.01774575
44,JHENAIDAH,4480,SHAILKUPA,-0.67158,-0.34996,-0.10099,-0.164,-0.4128,0.20496,-0.067158,-0.104988,-0.0050495,-0.0082,-0.204336,0.0010248,0.0199653
77,PANCHAGARH,7734,DEBIGANJ,-0.23359,0.10217,-0.39332,-0.18726,-0.07903,0.58039,-0.023359,0.030651,-0.019666,-0.009363,-0.03911985,0.00290195,0.0202848
94,THAKURGAON,9408,BALIADANGI,-0.74944,-0.47806,-0.44306,-0.18788,-0.55743,0.17642,-0.074944,-0.143418,-0.022153,-0.009394,-0.27592785,0.0008821,0.02690095
19,COMILLA,1936,DAUDKANDI,0.19466,0.42619,0.07247,0.13954,0.25473,-0.43648,0.019466,0.127857,0.0036235,0.006977,0.12609135,-0.0021824,0.02964975
19,COMILLA,1974,MANOHARGANJ,0.87597,1.07423,0.58921,0.30277,0.83325,-0.38118,0.087597,0.322269,0.0294605,0.0151385,0.41245875,-0.0019059,0.04010035
55,MAGURA,5557,MAGURA SADAR,0.49638,0.76528,-0.12646,-0.13605,0.44386,-0.41031,0.049638,0.229584,-0.006323,-0.0068025,0.2197107,-0.00205155,0.04433425
82,RAJBARI,8247,KALUKHALI,0.48665,0.50908,-0.16164,-0.12959,0.31036,2.90676,0.048665,0.152724,-0.008082,-0.0064795,0.1536282,0.0145338,0.0477331
93,TANGAIL,9338,GOPALPUR,-0.20439,-0.26707,0.3078,-0.26148,-0.30154,0.03208,-0.020439,-0.080121,0.01539,-0.013074,-0.1492623,0.0001604,0.0511787
72,NETRAKONA,7274,NETROKONA SADAR,-0.27252,-0.15404,0.04821,-0.06627,-0.26816,-0.47568,-0.027252,-0.046212,0.0024105,-0.0033135,-0.1327392,-0.0023784,0.0559938
6,BARISAL,632,GAURNADI,2.0342,1.7072,0.69596,-0.00505,1.38953,-0.40747,0.20342,0.51216,0.034798,-0.0002525,0.68781735,-0.00203735,0.0602708
93,TANGAIL,9347,KALIHATI,-0.63265,-0.70412,0.40847,-0.18076,-0.66868,-0.43773,-0.063265,-0.211236,0.0204235,-0.009038,-0.3309966,-0.00218865,0.06569245
76,PABNA,7622,CHATMOHAR,-0.28226,-0.10883,-0.13617,-0.24798,-0.31267,-0.48789,-0.028226,-0.032649,-0.0068085,-0.012399,-0.15477165,-0.00243945,0.0722497
44,JHENAIDAH,4414,HARINAKUNDA,-0.81757,-0.51574,-0.22108,-0.27107,-0.67981,-0.07929,-0.081757,-0.154722,-0.011054,-0.0135535,-0.33650595,-0.00039645,0.075023
29,FARIDPUR,2910,BHANGA,-0.19466,0.04942,0.18407,-0.08557,-0.15691,-0.42069,-0.019466,0.014826,0.0092035,-0.0042785,-0.07767045,-0.00210345,0.075852
9,BHOLA,925,CHAR FASSON,-0.39905,-0.34996,-0.77421,0.03574,-0.5463,0.79282,-0.039905,-0.104988,-0.0387105,0.001787,-0.2704185,0.0039641,0.0925661
41,JESSORE,4190,SHARSHA,0.03893,0.5995,-0.04398,-0.25681,0.1546,0.26247,0.003893,0.17985,-0.002199,-0.0128405,0.076527,0.00131235,0.09348885
46,KHAGRACHHARI,4680,RAMGARH,-0.40879,-0.0184,-0.97314,0.03901,-0.39054,-0.61117,-0.040879,-0.00552,-0.048657,0.0019505,-0.1933173,-0.00305585,0.09715595
52,LALMONIRHAT,5270,PATGRAM,-0.19466,0.03435,-0.20045,-0.06835,-0.25704,-0.58046,-0.019466,0.010305,-0.0100225,-0.0034175,-0.1272348,-0.0029023,0.1017315
1,BAGERHAT,173,RAMPAL,0.34066,0.62211,-0.42971,-0.0583,0.17685,-0.46126,0.034066,0.186633,-0.0214855,-0.002915,0.08754075,-0.0023063,0.10645145
93,TANGAIL,9328,GHATAIL,-0.12653,-0.31228,-0.15193,-0.23493,-0.49067,-0.40109,-0.012653,-0.093684,-0.0075965,-0.0117465,-0.24288165,-0.00200545,0.1151962
88,SIRAJGANJ,8844,KAMARKHANDA,-0.13626,-0.02594,0.57708,-0.17462,-0.24591,-0.41676,-0.013626,-0.007782,0.028854,-0.008731,-0.12172545,-0.0020838,0.11835665
12,BRAHMANBARIA,1213,BIJOYNAGAR,0.00973,0.22273,0.13555,0.22907,-0.0234,5.30583,0.000973,0.066819,0.0067775,0.0114535,-0.011583,0.02652915,0.12413515
19,COMILLA,1927,CHANDINA,0.35039,0.62964,0.83788,0.11765,0.28811,-0.34932,0.035039,0.188892,0.041894,0.0058825,0.14261445,-0.0017466,0.12734645
27,DINAJPUR,2756,KAHAROLE,0.64238,0.86324,-0.36421,-0.22321,0.32148,0.16698,0.064238,0.258972,-0.0182105,-0.0111605,0.1591326,0.0008349,0.1355413
55,MAGURA,5595,SREEPUR,0.63265,0.91599,-0.1204,-0.13939,0.37711,0.04444,0.063265,0.274797,-0.00602,-0.0069695,0.18666945,0.0002222,0.13862525
52,LALMONIRHAT,5239,KALIGANJ,-0.23359,0.18505,-0.09856,-0.21066,-0.26816,-0.53476,-0.023359,0.055515,-0.004928,-0.010533,-0.1327392,-0.0026738,0.1467604
13,CHANDPUR,1379,MATLAB UTTAR,0.93437,1.28522,0.08581,-0.06582,0.66637,-0.25064,0.093437,0.385566,0.0042905,-0.003291,0.32985315,-0.0012532,0.14889615
29,FARIDPUR,2962,NAGARKANDA,0.01947,0.23027,-0.02578,-0.05173,-0.17916,-0.50867,0.001947,0.069081,-0.001289,-0.0025865,-0.0886842,-0.00254335,0.15329335
76,PABNA,7605,ATGHARIA,-0.29199,-0.1239,-0.25019,-0.27172,-0.52405,-0.33102,-0.029199,-0.03717,-0.0125095,-0.013586,-0.25940475,-0.0016551,0.16528515
70,NAWABGANJ,7037,GOMASTAPUR,-0.66185,-0.5082,-0.2235,-0.14765,-0.80219,1.42193,-0.066185,-0.15246,-0.011175,-0.0073825,-0.39708405,0.00710965,0.1669912
88,SIRAJGANJ,8878,SIRAJGANJ SADAR,0.25306,0.29055,0.82817,-0.13082,-0.04566,-0.45128,0.025306,0.087165,0.0414085,-0.006541,-0.0226017,-0.0022564,0.1676838
51,LAKSHMIPUR,5165,RAMGANJ,-0.68131,-0.86236,-0.14344,-0.01923,-1.01357,0.79388,-0.068131,-0.258708,-0.007172,-0.0009615,-0.50171715,0.0039694,0.17071405
93,TANGAIL,9385,SAKHIPUR,-0.34066,-0.51574,-0.50128,-0.27772,-0.81331,-0.46947,-0.034066,-0.154722,-0.025064,-0.013886,-0.40258845,-0.00234735,0.1725031
90,SUNAMGANJ,9047,JAGANNATHPUR,-0.31146,-0.8925,-0.42001,0.54891,-0.94682,-0.23266,-0.031146,-0.26775,-0.0210005,0.0274455,-0.4686759,-0.0011633,0.1750616
13,CHANDPUR,1376,MATLAB DAKSHIN,1.30423,1.57156,0.69474,-0.05301,0.92226,-0.3613,0.130423,0.471468,0.034737,-0.0026505,0.4565187,-0.0018065,0.1756523
35,GOPALGANJ,3558,MUKSUDPUR,1.0609,1.02902,-0.13617,-0.02262,0.45499,-0.25508,0.10609,0.308706,-0.0068085,-0.001131,0.22522005,-0.0012754,0.18036105
30,FENI,3094,SONAGAZI,0.92464,0.87831,-0.15679,0.20708,0.35486,0.14105,0.092464,0.263493,-0.0078395,0.010354,0.1756557,0.00070525,0.18352105
27,DINAJPUR,2717,BIRAL,0.15573,0.44879,-0.3909,-0.2238,-0.12353,1.28155,0.015573,0.134637,-0.019545,-0.01119,-0.06114735,0.00640775,0.1870301
94,THAKURGAON,9451,HARIPUR,-0.57425,-0.23693,-0.38241,-0.08312,-0.70206,0.12882,-0.057425,-0.071079,-0.0191205,-0.004156,-0.3475197,0.0006441,0.1963833
73,NILPHAMARI,7364,NILPHAMARI SADAR,0.19466,0.26794,-0.82236,-0.10609,-0.30154,-0.34765,0.019466,0.080382,-0.041118,-0.0053045,-0.1492623,-0.00173825,0.20094955
12,BRAHMANBARIA,1285,NABINAGAR,-0.38932,-0.17664,0.43395,0.19168,-0.53518,-0.13094,-0.038932,-0.052992,0.0216975,0.009584,-0.2649141,-0.0006547,0.2036169
87,SATKHIRA,8790,TALA,0.96357,0.93106,-0.19682,-0.24978,0.27698,-0.03599,0.096357,0.279318,-0.009841,-0.012489,0.1371051,-0.00017995,0.21605995
51,LAKSHMIPUR,5143,LAKSHMIPUR SADAR,0.95384,0.9612,0.45336,0.00242,0.38824,0.49657,0.095384,0.28836,0.022668,0.000121,0.1921788,0.00248285,0.21683705
86,SHARIATPUR,8625,DAMUDYA,1.01223,1.13451,0.18528,-0.09639,0.45499,-0.59063,0.101223,0.340353,0.009264,-0.0048195,0.22522005,-0.00295315,0.2178473
29,FARIDPUR,2918,BOALMARI,0.24333,0.48647,-0.12889,-0.07288,-0.12353,-0.23821,0.024333,0.145941,-0.0064445,-0.003644,-0.06114735,-0.00119105,0.2201418
48,KISHORGONJ,4854,KULIAR CHAR,-0.17519,-0.01087,0.85001,-0.03492,-0.42392,-0.31269,-0.017519,-0.003261,0.0425005,-0.001746,-0.2098404,-0.00156345,0.22825145
10,BOGRA,1081,SARIAKANDI,-1.0025,-0.84729,-0.47095,-0.48048,-1.28058,-0.16178,-0.10025,-0.254187,-0.0235475,-0.024024,-0.6338871,-0.0008089,0.2310697
76,PABNA,7619,BHANGURA,-0.06813,0.04942,-0.18469,-0.16856,-0.49067,-0.00615,-0.006813,0.014826,-0.0092345,-0.008428,-0.24288165,-0.00003075,0.2332014
91,SYLHET,9194,ZAKIGANJ,1.35289,0.46386,-0.19196,0.46337,0.1101,-0.04399,0.135289,0.139158,-0.009598,0.0231685,0.0544995,-0.00021995,0.23329805
76,PABNA,7672,SANTHIA,-0.146,0.01928,0.11614,-0.19531,-0.5018,-0.14538,-0.0146,0.005784,0.005807,-0.0097655,-0.248391,-0.0007269,0.2348896
87,SATKHIRA,8743,KALAROA,0.9441,0.99134,-0.02821,-0.301,0.27698,-0.43038,0.09441,0.297402,-0.0014105,-0.01505,0.1371051,-0.0021519,0.2360945
19,COMILLA,1987,NANGALKOT,0.70078,0.92352,0.73235,0.16435,0.31036,-0.37481,0.070078,0.277056,0.0366175,0.0082175,0.1536282,-0.00187405,0.23646675
75,NOAKHALI,7536,HATIYA,-1.27503,-1.26927,-0.91128,0.10031,-1.58097,0.78127,-0.127503,-0.380781,-0.045564,0.0050155,-0.78258015,0.00390635,0.237654
52,LALMONIRHAT,5202,ADITMARI,-0.16546,0.2378,0.12342,-0.17578,-0.36829,1.90569,-0.016546,0.07134,0.006171,-0.008789,-0.18230355,0.00952845,0.244008
76,PABNA,7633,FARIDPUR,-0.23359,-0.10129,-0.12646,-0.21761,-0.65756,-0.3045,-0.023359,-0.030387,-0.006323,-0.0108805,-0.3254922,-0.0015225,0.2530202
87,SATKHIRA,8747,KALIGANJ,1.23609,1.14205,-0.27566,-0.20912,0.37711,-0.20247,0.123609,0.342615,-0.013783,-0.010456,0.18666945,-0.00101235,0.2543032
55,MAGURA,5585,SHALIKHA,0.55478,0.8557,-0.40667,-0.12206,0.0656,0.22327,0.055478,0.25671,-0.0203335,-0.006103,0.032472,0.00111635,0.25439585
46,KHAGRACHHARI,4667,MANIKCHHARI,-0.60345,-0.20679,-0.83122,-0.03637,-0.85781,-0.2552,-0.060345,-0.062037,-0.041561,-0.0018185,-0.42461595,-0.001276,0.25757845
61,MYMENSINGH,6122,GAFFARGAON,0.66185,0.8331,0.03608,-0.16141,0.09897,-0.45173,0.066185,0.24993,0.001804,-0.0080705,0.04899015,-0.00225865,0.2585997
48,KISHORGONJ,4806,BAJITPUR,-0.40879,-0.34996,0.28232,-0.03085,-0.80219,-0.43344,-0.040879,-0.104988,0.014116,-0.0015425,-0.39708405,-0.0021672,0.26162335
52,LALMONIRHAT,5233,HATIBANDHA,-0.0584,0.39604,-0.29143,-0.13827,-0.34604,0.63505,-0.00584,0.118812,-0.0145715,-0.0069135,-0.1712898,0.00317525,0.26595205
86,SHARIATPUR,8665,NARIA,1.1193,1.14958,0.10522,-0.02529,0.37711,-0.32156,0.11193,0.344874,0.005261,-0.0012645,0.18666945,-0.0016078,0.27252325
27,DINAJPUR,2712,BIRGANJ,0.56452,0.77281,-0.34359,-0.18482,-0.03453,0.32494,0.056452,0.231843,-0.0171795,-0.009241,-0.01709235,0.0016247,0.28059155
9,BHOLA,929,DAULAT KHAN,-0.09733,-0.19171,-0.62986,0.0519,-0.75768,0.58043,-0.009733,-0.057513,-0.031493,0.002595,-0.3750516,0.00290215,0.28180975
70,NAWABGANJ,7088,SHIBGANJ,-0.66185,-0.51574,0.08945,-0.00143,-1.00244,0.52311,-0.066185,-0.154722,0.0044725,-0.0000715,-0.4962078,0.00261555,0.28231735
93,TANGAIL,9319,BHUAPUR,0.23359,0.11724,-0.2514,-0.18021,-0.51292,-0.51963,0.023359,0.035172,-0.01257,-0.0090105,-0.2538954,-0.00259815,0.28824775
47,KHULNA,4753,KOYRA,0.98304,1.22494,-1.14296,-0.20685,0.22135,0.01933,0.098304,0.367482,-0.057148,-0.0103425,0.10956825,0.00009665,0.2888239
10,BOGRA,1027,DHUNAT,-1.13876,-0.98293,0.15617,-0.34931,-1.42521,0.63269,-0.113876,-0.294879,0.0078085,-0.0174655,-0.70547895,0.00316345,0.2902304
9,BHOLA,954,LALMOHAN,-0.36986,-0.3801,-0.40667,-0.03412,-0.93569,0.37184,-0.036986,-0.11403,-0.0203335,-0.001706,-0.46316655,0.0018592,0.29197025
36,HABIGANJ,3677,NABIGANJ,0.24333,-0.45545,-0.32297,0.3351,-0.82444,-0.06465,0.024333,-0.136635,-0.0161485,0.016755,-0.4080978,-0.00032325,0.29607905
36,HABIGANJ,3626,CHUNARUGHAT,0.34066,-0.4027,-0.53524,0.14445,-0.84669,0.27404,0.034066,-0.12081,-0.026762,0.0072225,-0.41911155,0.0013702,0.31419825
19,COMILLA,1975,MEGHNA,0,0.33576,0.09431,0.20454,-0.42392,-0.57531,0,0.100728,0.0047155,0.010227,-0.2098404,-0.00287655,0.32263435
73,NILPHAMARI,7312,DIMLA,-0.15573,0.17752,-0.87884,-0.11486,-0.69093,-0.5033,-0.015573,0.053256,-0.043942,-0.005743,-0.34201035,-0.0025165,0.32749185
90,SUNAMGANJ,9023,CHHATAK,-0.03893,-0.69658,-0.17983,0.50972,-1.09145,-0.07315,-0.003893,-0.208974,-0.0089915,0.025486,-0.54026775,-0.00036575,0.3435295
72,NETRAKONA,7218,DURGAPUR,-0.69104,-0.19925,-0.29871,-0.1218,-0.99132,1.02229,-0.069104,-0.059775,-0.0149355,-0.00609,-0.4907034,0.00511145,0.34591035
72,NETRAKONA,7263,MOHANGANJ,-0.07786,0.1097,-0.43578,0.0271,-0.70206,-0.45996,-0.007786,0.03291,-0.021789,0.001355,-0.3475197,-0.0022998,0.3499099
27,DINAJPUR,2743,GHORAGHAT,0.51585,0.67485,-0.31448,-0.34267,-0.26816,-0.04886,0.051585,0.202455,-0.015724,-0.0171335,-0.1327392,-0.0002443,0.3536774
86,SHARIATPUR,8669,SHARIATPUR SADAR,1.22636,1.27768,0.18164,-0.06662,0.31036,-0.51688,0.122636,0.383304,0.009082,-0.003331,0.1536282,-0.0025844,0.3554784
93,TANGAIL,9325,DHANBARI,0.20439,0.31316,0.32114,-0.31614,-0.49067,-0.31087,0.020439,0.093948,0.016057,-0.015807,-0.24288165,-0.00155435,0.3559643
36,HABIGANJ,3605,BAHUBAL,0.0292,-0.65891,-0.3169,1.90162,-0.95794,-0.22383,0.00292,-0.197673,-0.015845,0.095081,-0.4741803,-0.00111915,0.35754415
19,COMILLA,1981,MURADNAGAR,0.77864,0.91599,0.58921,0.1669,0.04335,-0.38989,0.077864,0.274797,0.0294605,0.008345,0.02145825,-0.00194945,0.3670588
29,FARIDPUR,2984,SADARPUR,0.146,0.30562,-0.4103,-0.04405,-0.57968,-0.44933,0.0146,0.091686,-0.020515,-0.0022025,-0.2869416,-0.00224665,0.36826345
90,SUNAMGANJ,9089,SUNAMGANJ SADAR,0.0292,-0.58355,-0.11069,0.37248,-1.0692,-0.01199,0.00292,-0.175065,-0.0055345,0.018624,-0.529254,-0.00005995,0.37013855
72,NETRAKONA,7283,PURBADHALA,0.12653,0.19259,-0.05125,-0.07135,-0.62418,-0.42349,0.012653,0.057777,-0.0025625,-0.0035675,-0.3089691,-0.00211745,0.37115165
68,NARSINGDI,6864,ROYPURA,-0.27252,-0.25953,0.8027,0.04639,-0.88006,-0.35944,-0.027252,-0.077859,0.040135,0.0023195,-0.4356297,-0.0017972,0.371176
48,KISHORGONJ,4811,BHAIRAB,-0.35039,0.07956,1.32187,0.13529,-0.6353,-0.49081,-0.035039,0.023868,0.0660935,0.0067645,-0.3144735,-0.00245405,0.37370645
87,SATKHIRA,8704,ASSASUNI,1.26529,1.17219,-0.40545,-0.16862,0.1546,0.31249,0.126529,0.351657,-0.0202725,-0.008431,0.076527,0.00156245,0.37451795
82,RAJBARI,8273,PANGSHA,0.95384,0.96873,-0.09614,-0.17433,-0.01228,-0.45526,0.095384,0.290619,-0.004807,-0.0087165,-0.0060786,-0.0022763,0.3762818
12,BRAHMANBARIA,1294,SARAIL,-0.34066,-0.13143,0.50066,0.26541,-0.83556,-0.24734,-0.034066,-0.039429,0.025033,0.0132705,-0.4136022,-0.0012367,0.377174
48,KISHORGONJ,4842,KARIMGANJ,-0.48665,-0.43285,0.46549,-0.0633,-1.09145,-0.31824,-0.048665,-0.129855,0.0232745,-0.003165,-0.54026775,-0.0015912,0.38026605
48,KISHORGONJ,4827,HOSSAINPUR,-0.04867,0.01174,0.56374,-0.12997,-0.73543,-0.45429,-0.004867,0.003522,0.028187,-0.0064985,-0.36403785,-0.00227145,0.3821099
32,GAIBANDHA,3267,PALASHBARI,0.78838,0.90091,0.3272,-0.36125,-0.09016,-0.10094,0.078838,0.270273,0.01636,-0.0180625,-0.0446292,-0.0005047,0.391533
76,PABNA,7683,SUJANAGAR,0.03893,0.19259,-0.2793,-0.14803,-0.72431,-0.1944,0.003893,0.057777,-0.013965,-0.0074015,-0.35853345,-0.000972,0.39786495
48,KISHORGONJ,4845,KATIADI,-0.18493,-0.09375,0.46549,-0.09612,-0.86894,-0.33033,-0.018493,-0.028125,0.0232745,-0.004806,-0.4301253,-0.00165165,0.40032415
12,BRAHMANBARIA,1207,BANCHHARAMPUR,-0.56452,-0.41778,0.65714,0.10631,-1.10257,-0.24064,-0.056452,-0.125334,0.032857,0.0053155,-0.54577215,-0.0012032,0.40095545
73,NILPHAMARI,7345,KISHOREGANJ,-0.41852,-0.1465,-1.0265,-0.32052,-1.10257,2.33004,-0.041852,-0.04395,-0.051325,-0.016026,-0.54577215,0.0116502,0.40426935
54,MADARIPUR,5487,SHIB CHAR,0.1168,0.44879,-0.11554,-0.07054,-0.5463,-0.30134,0.01168,0.134637,-0.005777,-0.003527,-0.2704185,-0.0015067,0.4059248
75,NOAKHALI,7585,SUBARNACHAR,-1.13876,-1.06582,-0.66504,0.20762,-1.74785,-0.47904,-0.113876,-0.319746,-0.033252,0.010381,-0.86518575,-0.0023952,0.40629755
27,DINAJPUR,2769,NAWABGANJ,0.146,0.33576,-0.3909,-0.32197,-0.62418,4.65491,0.0146,0.100728,-0.019545,-0.0160985,-0.3089691,0.02327455,0.41192815
32,GAIBANDHA,3224,GAIBANDHA SADAR,0.90517,0.90091,0.36117,-0.31282,-0.10128,0.40104,0.090517,0.270273,0.0180585,-0.015641,-0.0501336,0.0020052,0.4153463
27,DINAJPUR,2760,KHANSAMA,0.66185,1.02902,-0.10463,-0.15907,-0.10128,1.27936,0.066185,0.308706,-0.0052315,-0.0079535,-0.0501336,0.0063968,0.4182364
69,NATORE,6991,SINGRA,0.42825,0.37344,-0.43942,-0.26559,-0.61305,0.11503,0.042825,0.112032,-0.021971,-0.0132795,-0.30345975,0.00057515,0.4236414
81,RAJSHAHI,8134,GODAGARI,0.80784,0.84817,-0.43093,-0.06351,-0.23479,-0.35215,0.080784,0.254451,-0.0215465,-0.0031755,-0.11622105,-0.00176075,0.4249733
13,CHANDPUR,1358,KACHUA,1.55728,1.76748,0.69111,0.10394,0.59962,-0.29191,0.155728,0.530244,0.0345555,0.005197,0.2968119,-0.00145955,0.42745305
15,CHITTAGONG,1508,BANSHKHALI,-0.74944,-0.37256,0.1125,0.15967,-1.22495,0.70785,-0.074944,-0.111768,0.005625,0.0079835,-0.60635025,0.00353925,0.436786
47,KHULNA,4794,TEROKHADA,1.07063,1.26261,-0.52797,-0.12287,0.00997,-0.43558,0.107063,0.378783,-0.0263985,-0.0061435,0.00493515,-0.0021779,0.44619095
19,COMILLA,1994,TITAS,0.03893,0.3659,0.77359,0.16362,-0.60193,-0.51239,0.003893,0.10977,0.0386795,0.008181,-0.29795535,-0.00256195,0.4559169
29,FARIDPUR,2921,CHAR BHADRASAN,0.07786,0.22273,-0.77785,-0.12112,-0.88006,-0.60571,0.007786,0.066819,-0.0388925,-0.006056,-0.4356297,-0.00302855,0.46225765
87,SATKHIRA,8786,SHYAMNAGAR,1.44049,1.30782,-1.07867,-0.13903,0.0211,0.32831,0.144049,0.392346,-0.0539335,-0.0069515,0.0104445,0.00164155,0.46670705
72,NETRAKONA,7204,ATPARA,-0.17519,-0.09375,-0.36421,-0.05679,-1.08032,-0.06089,-0.017519,-0.028125,-0.0182105,-0.0028395,-0.5347584,-0.00030445,0.46775995
93,TANGAIL,9357,MADHUPUR,0.24333,0.26794,-0.29992,-0.27965,-0.80219,-0.45064,0.024333,0.080382,-0.014996,-0.0139825,-0.39708405,-0.0022532,0.47056735
69,NATORE,6941,GURUDASPUR,0.36986,0.31316,0.00697,-0.34429,-0.72431,-0.23558,0.036986,0.093948,0.0003485,-0.0172145,-0.35853345,-0.0011779,0.47142355
36,HABIGANJ,3671,MADHABPUR,0.16546,-0.52327,0.03972,2.81602,-0.95794,-0.11595,0.016546,-0.156981,0.001986,0.140801,-0.4741803,-0.00057975,0.47595255
90,SUNAMGANJ,9029,DERAI,0.16546,-0.50066,-0.57285,0.28089,-1.25833,0.69204,0.016546,-0.150198,-0.0286425,0.0140445,-0.62287335,0.0034602,0.47808355
85,RANGPUR,8558,MITHA PUKUR,0.9733,0.94613,-0.08037,-0.40673,-0.26816,-0.22179,0.09733,0.283839,-0.0040185,-0.0203365,-0.1327392,-0.00110895,0.48844425
48,KISHORGONJ,4892,TARAIL,-0.41852,-0.5082,0.09431,-0.04955,-1.41409,-0.36563,-0.041852,-0.15246,0.0047155,-0.0024775,-0.69997455,-0.00182815,0.5060724
88,SIRAJGANJ,8811,BELKUCHI,0.72024,0.7276,1.41891,0.00198,-0.30154,-0.18774,0.072024,0.21828,0.0709455,0.000099,-0.1492623,-0.0009387,0.5096721
61,MYMENSINGH,6152,MYMENSINGH SADAR,1.9758,1.46607,1.19572,-0.04296,0.36599,-0.65413,0.19758,0.439821,0.059786,-0.002148,0.18116505,-0.00327065,0.5106033
67,NARAYANGANJ,6702,ARAIHAZAR,0.07786,0.11724,1.24788,0.05428,-0.82444,-0.29793,0.007786,0.035172,0.062394,0.002714,-0.4080978,-0.00148965,0.51467415
91,SYLHET,9153,JAINTIAPUR,0.96357,0.13984,-0.53767,0.45788,-0.80219,-0.19779,0.096357,0.041952,-0.0268835,0.022894,-0.39708405,-0.00098895,0.5304146
51,LAKSHMIPUR,5133,KAMALNAGAR,-1.10957,-1.06582,-0.41637,0.0423,-1.97036,1.0076,-0.110957,-0.319746,-0.0208185,0.002115,-0.9753282,0.005038,0.5309597
93,TANGAIL,9376,NAGARPUR,0.72024,0.53168,0.05549,-0.08602,-0.6353,0.04025,0.072024,0.159504,0.0027745,-0.004301,-0.3144735,0.00020125,0.54467625
85,RANGPUR,8576,PIRGANJ,0.90517,1.05916,-0.13859,-0.3955,-0.33492,-0.3101,0.090517,0.317748,-0.0069295,-0.019775,-0.1657854,-0.0015505,0.5457954
55,MAGURA,5566,MOHAMMADPUR,1.12903,1.35304,-0.1956,-0.04342,-0.07903,0.23738,0.112903,0.405912,-0.00978,-0.002171,-0.03911985,0.0011869,0.54717075
88,SIRAJGANJ,8889,TARASH,0.09733,0.22273,-0.47823,-0.28803,-1.04695,-0.22381,0.009733,0.066819,-0.0239115,-0.0144015,-0.51824025,-0.00111905,0.5553602
46,KHAGRACHHARI,4661,LAKSHMICHHARI,-0.62291,-0.13897,-1.13204,-0.19307,-1.46971,-0.12969,-0.062291,-0.041691,-0.056602,-0.0096535,-0.72750645,-0.00064845,0.5566205
39,JAMALPUR,3985,SARISHABARI,0.83704,0.89338,0.22288,-0.28354,-0.42392,0.21538,0.083704,0.268014,0.011144,-0.014177,-0.2098404,0.0010769,0.5596023
61,MYMENSINGH,6165,MUKTAGACHHA,0.47692,0.78788,0.32599,-0.18472,-0.5463,-0.22753,0.047692,0.236364,0.0162995,-0.009236,-0.2704185,-0.00113765,0.56040035
6,BARISAL,662,MHENDIGANJ,3.01724,2.37785,-0.40303,-0.05069,0.84438,0.04559,0.301724,0.713355,-0.0201515,-0.0025345,0.4179681,0.00022795,0.57465285
76,PABNA,7616,BERA,0.37959,0.494,0.00454,-0.11652,-0.80219,-0.31123,0.037959,0.1482,0.000227,-0.005826,-0.39708405,-0.00155615,0.5760879
90,SUNAMGANJ,9086,SULLA,0.37959,-0.34242,-0.7366,0.36128,-1.33621,0.15065,0.037959,-0.102726,-0.03683,0.018064,-0.66142395,0.00075325,0.5786442
36,HABIGANJ,3668,LAKHAI,0.09733,-0.57602,-0.35693,-0.97846,-1.6366,0.4257,0.009733,-0.172806,-0.0178465,-0.048923,-0.810117,0.0021285,0.582403
56,MANIKGANJ,5610,DAULATPUR,-0.32119,-0.25953,-0.34723,-0.17938,-1.50309,-0.51029,-0.032119,-0.077859,-0.0173615,-0.008969,-0.74402955,-0.00255145,0.6051696
89,SHERPUR,8937,JHENAIGATI,0.25306,0.30562,-0.47095,-0.34779,-1.08032,-0.11223,0.025306,0.091686,-0.0235475,-0.0173895,-0.5347584,-0.00056115,0.61025225
19,COMILLA,1954,HOMNA,0.07786,0.41112,0.47762,0.15261,-0.96907,-0.4722,0.007786,0.123336,0.023881,0.0076305,-0.47968965,-0.002361,0.63996215
72,NETRAKONA,7209,BARHATTA,0.10706,0.17752,-0.28051,0.01263,-1.2027,-0.3169,0.010706,0.053256,-0.0140255,0.0006315,-0.5953365,-0.0015845,0.64432
22,COX'S BAZAR,2256,PEKUA,-0.45745,-0.1465,0.21561,0.26398,-1.45859,-0.23694,-0.045745,-0.04395,0.0107805,0.013199,-0.72200205,-0.0011847,0.65510185
88,SIRAJGANJ,8850,KAZIPUR,0.1168,0.25287,-0.26232,-0.32895,-1.21383,-0.36085,0.01168,0.075861,-0.013116,-0.0164475,-0.60084585,-0.00180425,0.6570191
22,COX'S BAZAR,2266,RAMU,-0.1168,0.1097,-0.44912,0.34575,-1.31396,0.30421,-0.01168,0.03291,-0.022456,0.0172875,-0.6504102,0.00152105,0.66799275
36,HABIGANJ,3602,AJMIRIGANJ,0.72024,-0.0184,-0.65654,0.26246,-1.25833,-0.06931,0.072024,-0.00552,-0.032827,0.013123,-0.62287335,-0.00034655,0.6693268
90,SUNAMGANJ,9050,JAMALGANJ,0.03893,-0.62123,-0.61894,0.35463,-1.7701,0.24244,0.003893,-0.186369,-0.030947,0.0177315,-0.8761995,0.0012122,0.6817202
32,GAIBANDHA,3230,GOBINDAGANJ,0.9733,0.94613,0.08096,-0.35514,-0.64643,0.36017,0.09733,0.283839,0.004048,-0.017757,-0.31998285,0.00180085,0.6892437
89,SHERPUR,8967,NAKLA,0.92464,1.05162,0.04821,-0.30453,-0.60193,-0.42269,0.092464,0.315486,0.0024105,-0.0152265,-0.29795535,-0.00211345,0.6909759
22,COX'S BAZAR,2245,KUTUBDIA,-0.50612,-0.13143,-0.57042,0.33757,-1.60322,-0.15193,-0.050612,-0.039429,-0.028521,0.0168785,-0.7935939,-0.00075965,0.69115075
85,RANGPUR,8573,PIRGACHHA,1.1193,1.27015,0.14889,-0.39532,-0.42392,0.73152,0.11193,0.381045,0.0074445,-0.019766,-0.2098404,0.0036576,0.6941515
90,SUNAMGANJ,9027,DAKSHIN SUNAMGANJ,0.04867,-0.6363,-0.53888,0.41837,-1.79235,0.12387,0.004867,-0.19089,-0.026944,0.0209185,-0.88721325,0.00061935,0.6957841
9,BHOLA,918,BHOLA SADAR,1.62542,1.23247,-0.01123,0.06328,-0.35717,0.1027,0.162542,0.369741,-0.0005615,0.003164,-0.17679915,0.0005135,0.71219815
72,NETRAKONA,7240,KALMAKANDA,0.35039,0.35837,-0.05732,-0.05371,-1.2027,-0.14395,0.035039,0.107511,-0.002866,-0.0026855,-0.5953365,-0.00071975,0.73161525
36,HABIGANJ,3611,BANIACHONG,0.31146,-0.39517,-0.4382,1.73831,-1.52534,0.04098,0.031146,-0.118551,-0.02191,0.0869155,-0.7550433,0.0002049,0.7328487
89,SHERPUR,8970,NALITABARI,0.49638,0.67485,-0.3448,-0.35763,-1.04695,-0.28652,0.049638,0.202455,-0.01724,-0.0178815,-0.51824025,-0.0014326,0.73377915
85,RANGPUR,8503,BADARGANJ,1.12903,1.16465,-0.11676,-0.30666,-0.60193,-0.36499,0.112903,0.349395,-0.005838,-0.015333,-0.29795535,-0.00182495,0.7372574
39,JAMALPUR,3936,JAMALPUR SADAR,1.33342,1.27768,0.19135,2.93962,-0.15691,-0.47347,0.133342,0.383304,0.0095675,0.146981,-0.07767045,-0.00236735,0.7484976
88,SIRAJGANJ,8861,ROYGANJ,0.36986,0.494,0.20833,-0.25736,-1.14708,-0.11792,0.036986,0.1482,0.0104165,-0.012868,-0.5678046,-0.0005896,0.7499495
90,SUNAMGANJ,9018,BISHWAMBARPUR,0.55478,-0.18418,-0.5122,0.24761,-1.53647,0.48509,0.055478,-0.055254,-0.02561,0.0123805,-0.76055265,0.00242545,0.7499726
72,NETRAKONA,7238,KHALIAJURI,0.32119,0.32823,-0.39817,-0.02255,-1.31396,0.53815,0.032119,0.098469,-0.0199085,-0.0011275,-0.6504102,0.00269075,0.76265295
32,GAIBANDHA,3282,SADULLAPUR,1.1777,1.36811,0.23987,-0.38431,-0.47955,0.94683,0.11777,0.410433,0.0119935,-0.0192155,-0.23737725,0.00473415,0.7630924
91,SYLHET,9159,KANAIGHAT,2.01474,0.97627,-0.45761,0.40996,-0.5463,0.81134,0.201474,0.292881,-0.0228805,0.020498,-0.2704185,0.0040567,0.7664477
6,BARISAL,669,MULADI,2.44299,1.91065,-0.46246,-0.07692,0.0211,-0.33024,0.244299,0.573195,-0.023123,-0.003846,0.0104445,-0.0016512,0.7784293
61,MYMENSINGH,6123,GAURIPUR,1.1193,1.33797,0.1404,-0.10567,-0.53518,-0.26647,0.11193,0.401391,0.00702,-0.0052835,-0.2649141,-0.00133235,0.77863925
85,RANGPUR,8542,KAUNIA,1.38209,0.91599,0.59649,-0.28523,-0.72431,-0.44344,0.138209,0.274797,0.0298245,-0.0142615,-0.35853345,-0.0022172,0.78488525
29,FARIDPUR,2990,SALTHA,0.52558,0.69746,-0.18469,-0.01277,-1.09145,-0.24899,0.052558,0.209238,-0.0092345,-0.0006385,-0.54026775,-0.00124495,0.7909458
22,COX'S BAZAR,2294,UKHIA,0.10706,0.37344,-0.31448,0.304,-1.34733,0.47843,0.010706,0.112032,-0.015724,0.0152,-0.66692835,0.00239215,0.7915345
84,RANGAMATI,8429,BELAI CHHARI,-0.42825,0.13984,-1.22908,-0.0133,-1.73672,-0.40589,-0.042825,0.041952,-0.061454,-0.000665,-0.8596764,-0.00202945,0.79465495
87,SATKHIRA,8782,SATKHIRA SADAR,0.68131,0.77281,0.12706,19.12579,0.90001,-0.19925,0.068131,0.231843,0.006353,0.9562895,0.44550495,-0.00099625,0.8161153
85,RANGPUR,8592,TARAGANJ,1.30423,1.4736,0.06883,-0.22737,-0.51292,-0.2608,0.130423,0.44208,0.0034415,-0.0113685,-0.2538954,-0.001304,0.8171674
73,NILPHAMARI,7336,JALDHAKA,0.57425,0.80295,-0.90702,-0.17148,-1.16933,0.1518,0.057425,0.240885,-0.045351,-0.008574,-0.57881835,0.000759,0.82396235
86,SHARIATPUR,8694,ZANJIRA,1.54755,1.59417,-0.31933,-0.03588,-0.44617,-0.08936,0.154755,0.478251,-0.0159665,-0.001794,-0.22085415,-0.0004468,0.83565285
9,BHOLA,965,MANPURA,0.03893,-0.00333,-1.02651,-0.10544,-1.8146,0.15952,0.003893,-0.000999,-0.0513255,-0.005272,-0.898227,0.0007976,0.8453211
88,SIRAJGANJ,8867,SHAHJADPUR,0.59371,0.67485,0.82454,-0.0821,-1.1137,-0.04672,0.059371,0.202455,0.041227,-0.004105,-0.5512815,-0.0002336,0.8499959
13,CHANDPUR,1347,HAIM CHAR,2.14127,2.14425,-0.28415,-0.14031,-0.03453,-0.50709,0.214127,0.643275,-0.0142075,-0.0070155,-0.01709235,-0.00253545,0.8507359
49,KURIGRAM,4952,KURIGRAM SADAR,2.0926,1.89558,0.09552,-1.05424,-0.25704,-0.4901,0.20926,0.568674,0.004776,-0.052712,-0.1272348,-0.0024505,0.8547823
3,BANDARBAN,389,ROWANGCHHARI,-0.27252,0.00421,-1.19997,-0.16822,-1.93698,-0.63456,-0.027252,0.001263,-0.0599985,-0.008411,-0.9588051,-0.0031728,0.8612338
49,KURIGRAM,4977,RAJARHAT,2.88098,2.62652,0.0567,-0.33375,0.39936,-0.0239,0.288098,0.787956,0.002835,-0.0166875,0.1976832,-0.0001195,0.8643988
32,GAIBANDHA,3291,SUNDARGANJ,1.01223,1.11191,0.23987,-0.39718,-0.86894,1.97628,0.101223,0.333573,0.0119935,-0.019859,-0.4301253,0.0098814,0.8669372
90,SUNAMGANJ,9092,TAHIRPUR,0.61318,-0.1239,-0.44791,0.39049,-1.66997,4.32226,0.061318,-0.03717,-0.0223955,0.0195245,-0.82663515,0.0216113,0.86952345
61,MYMENSINGH,6194,TRISHAL,0.95384,1.12698,0.22774,-0.1097,-0.93569,-0.44201,0.095384,0.338094,0.011387,-0.005485,-0.46316655,-0.00221005,0.9003365
48,KISHORGONJ,4802,AUSTAGRAM,0.146,0.06449,-0.7548,0.06796,-1.82573,-0.22878,0.0146,0.019347,-0.03774,0.003398,-0.90373635,-0.0011439,0.90219745
90,SUNAMGANJ,9032,DHARAMPASHA,0.1168,-0.55341,-0.19803,0.14139,-2.13724,0.69072,0.01168,-0.166023,-0.0099015,0.0070695,-1.0579338,0.0034536,0.9042124
61,MYMENSINGH,6120,FULBARIA,1.34316,1.48867,0.08945,-0.12894,-0.67981,-0.26233,0.134316,0.446601,0.0044725,-0.006447,-0.33650595,-0.00131165,0.9141368
3,BANDARBAN,351,LAMA,0.25306,0.61457,-1.07867,0.0496,-1.60322,-0.10032,0.025306,0.184371,-0.0539335,0.00248,-0.7935939,-0.0005016,0.9513158
48,KISHORGONJ,4876,NIKLI,-0.19466,-0.21432,-0.51826,-0.14378,-2.17062,-0.54481,-0.019466,-0.064296,-0.025913,-0.007189,-1.0744569,-0.00272405,0.95486885
82,RAJBARI,8229,GOALANDA,1.24583,1.33043,-0.15315,-0.06523,-0.90232,-0.56465,0.124583,0.399129,-0.0076575,-0.0032615,-0.4466484,-0.00282325,0.95661815
90,SUNAMGANJ,9033,DOWARABAZAR,0.51585,-0.22186,-0.22229,0.25617,-2.00374,1.9464,0.051585,-0.066558,-0.0111145,0.0128085,-0.9918513,0.009732,0.9883043
88,SIRAJGANJ,8827,CHAUHALI,0.88571,0.95366,-0.35208,-0.30004,-1.32508,-0.20365,0.088571,0.286098,-0.017604,-0.015002,-0.6559146,-0.00101825,0.99695935
61,MYMENSINGH,6124,HALUAGHAT,1.12903,1.31536,-0.29143,-0.24072,-1.05807,-0.41655,0.112903,0.394608,-0.0145715,-0.012036,-0.52374465,-0.00208275,1.0025654
32,GAIBANDHA,3288,SAGHATA,1.46969,1.50374,0.1307,-0.35432,-0.86894,1.36056,0.146969,0.451122,0.006535,-0.017716,-0.4301253,0.0068028,1.0238381
86,SHARIATPUR,8614,BHEDARGANJ,1.87847,1.76748,-0.1022,0.004,-0.6353,-0.31626,0.187847,0.530244,-0.00511,0.0002,-0.3144735,-0.0015813,1.0260732
48,KISHORGONJ,4859,MITHAMAIN,0.38932,0.17752,-0.61166,0.15828,-1.94811,-0.55006,0.038932,0.053256,-0.030583,0.007914,-0.96431445,-0.0027503,1.03108315
85,RANGPUR,8527,GANGACHARA,1.94661,1.91819,0.06519,-0.28354,-0.57968,-0.4997,0.194661,0.575457,0.0032595,-0.014177,-0.2869416,-0.0024985,1.0436436
12,BRAHMANBARIA,1290,NASIRNAGAR,0.58398,0.81803,-0.00152,0.20779,-1.50309,-0.13557,0.058398,0.245409,-0.000076,0.0103895,-0.74402955,-0.00067785,1.0574722
61,MYMENSINGH,6131,ISHWARGANJ,1.63515,1.74488,0.35268,-0.04115,-0.82444,-0.465,0.163515,0.523464,0.017634,-0.0020575,-0.4080978,-0.002325,1.1083283
86,SHARIATPUR,8636,GOSAIRHAT,2.11207,1.91819,-0.30356,0.01117,-0.70206,-0.21037,0.211207,0.575457,-0.015178,0.0005585,-0.3475197,-0.00105185,1.11851235
39,JAMALPUR,3961,MELANDAHA,1.12903,1.08176,0.19499,-0.33006,-1.41409,-0.39057,0.112903,0.324528,0.0097495,-0.016503,-0.69997455,-0.00195285,1.1286992
49,KURIGRAM,4994,ULIPUR,2.64738,2.44567,-0.22957,-0.37598,-0.31267,1.58335,0.264738,0.733701,-0.0114785,-0.018799,-0.15477165,0.00791675,1.1308499
3,BANDARBAN,304,ALIKADAM,0.40879,0.75774,-1.20725,0.2074,-1.90361,-0.16127,0.040879,0.227322,-0.0603625,0.01037,-0.94228695,-0.00080635,1.1596891
48,KISHORGONJ,4833,ITNA,0.20439,0.15491,-0.78027,0.00075,-2.30412,-0.09783,0.020439,0.046473,-0.0390135,0.0000375,-1.1405394,-0.00048915,1.16798625
22,COX'S BAZAR,2249,MAHESHKHALI,0.23359,0.55429,-0.19924,0.3271,-1.95923,1.1481,0.023359,0.166287,-0.009962,0.016355,-0.96981885,0.0057405,1.17159835
72,NETRAKONA,7247,KENDUA,0.49638,0.60704,-0.87853,0.17448,-2.00374,1.55156,0.049638,0.182112,-0.0439265,0.008724,-0.9918513,0.0077578,1.1961566
89,SHERPUR,8990,SREEBARDI,1.10957,1.22494,-0.00637,-0.33187,-1.51422,-0.23235,0.110957,0.367482,-0.0003185,-0.0165935,-0.7495389,-0.00116175,1.20990415
91,SYLHET,9127,COMPANIGANJ,0.9441,0.12477,-0.56436,0.54824,-2.18174,-0.15649,0.09441,0.037431,-0.028218,0.027412,-1.0799613,-0.00078245,1.21021385
72,NETRAKONA,7256,MADAN,0.43799,0.65978,-0.47217,0.05363,-2.00374,-0.46187,0.043799,0.197934,-0.0236085,0.0026815,-0.9918513,-0.00230935,1.21034795
3,BANDARBAN,373,NAIKHONGCHHARI,0.71051,0.99134,-1.11385,0.13358,-1.90361,0.71242,0.071051,0.297402,-0.0556925,0.006679,-0.94228695,0.0035621,1.26528855
3,BANDARBAN,391,RUMA,0.42825,0.71253,-1.20361,0.07123,-2.17062,-0.51373,0.042825,0.213759,-0.0601805,0.0035615,-1.0744569,-0.00256865,1.27185325
49,KURIGRAM,4909,CHILMARI,2.24833,2.12918,-0.61288,-0.32085,-0.96907,0.22202,0.224833,0.638754,-0.030644,-0.0160425,-0.47968965,0.0011101,1.29770025
61,MYMENSINGH,6172,NANDAIL,2.21913,2.09904,0.22167,-0.05509,-0.89119,-0.34638,0.221913,0.629712,0.0110835,-0.0027545,-0.44113905,-0.0017319,1.29936115
22,COX'S BAZAR,2290,TEKNAF,0.06813,0.40358,-0.45033,0.40442,-2.41538,0.81381,0.006813,0.121074,-0.0225165,0.020221,-1.1956131,0.00406905,1.32527365
61,MYMENSINGH,6181,PHULPUR,1.96607,1.95587,-0.10948,-0.12702,-1.19158,-0.39601,0.196607,0.586761,-0.005474,-0.006351,-0.5898321,-0.00198005,1.35939505
39,JAMALPUR,3907,BAKSHIGANJ,1.48915,1.3229,-0.16043,-0.22692,-1.70335,0.1171,0.148915,0.39687,-0.0080215,-0.011346,-0.84315825,0.0005855,1.37016125
6,BARISAL,636,HIZLA,2.96857,2.21961,0.24472,-0.08299,-0.84669,-0.10757,0.296857,0.665883,0.012236,-0.0041495,-0.41911155,-0.00053785,1.3894002
49,KURIGRAM,4918,PHULBARI,2.90044,2.6868,-0.03427,2.17112,-0.40167,0.80468,0.290044,0.80604,-0.0017135,0.108556,-0.19882665,0.0040234,1.40577655
49,KURIGRAM,4906,BHURUNGAMARI,2.50139,2.4306,-0.08643,-0.28135,-0.98019,0.03681,0.250139,0.72918,-0.0043215,-0.0140675,-0.48519405,0.00018405,1.4463081
49,KURIGRAM,4979,RAUMARI,1.65461,1.82023,-0.06581,-0.22763,-1.53647,0.7991,0.165461,0.546069,-0.0032905,-0.0113815,-0.76055265,0.0039955,1.46140615
49,KURIGRAM,4961,NAGESHWARI,2.56952,2.42306,-0.1301,-0.59066,-1.08032,0.4837,0.256952,0.726918,-0.006505,-0.029533,-0.5347584,0.0024185,1.4850089
39,JAMALPUR,3958,MADARGANJ,1.86874,1.7072,0.14404,-0.24955,-1.71447,0.2923,0.186874,0.51216,0.007202,-0.0124775,-0.84866265,0.0014615,1.54388265
91,SYLHET,9141,GOWAINGHAT,2.67658,1.48867,-0.5498,0.52278,-1.74785,0.61156,0.267658,0.446601,-0.02749,0.026139,-0.86518575,0.0030578,1.58115155
39,JAMALPUR,3915,DEWANGANJ,2.19966,1.93326,-0.10463,-0.20225,-1.7701,-0.18932,0.219966,0.579978,-0.0052315,-0.0101125,-0.8761995,-0.0009466,1.6598529
39,JAMALPUR,3929,ISLAMPUR,1.86874,1.66952,-0.25019,-0.31499,-2.03711,-0.1563,0.186874,0.500856,-0.0125095,-0.0157495,-1.00836945,-0.0007815,1.66705895
32,GAIBANDHA,3221,FULCHHARI,2.02447,1.90312,-0.63714,-0.27574,-1.91473,1.19978,0.202447,0.570936,-0.031857,-0.013787,-0.94779135,0.0059989,1.68152925
3,BANDARBAN,395,THANCHI,1.23609,1.51882,-1.24728,0.04397,-2.39313,-0.18637,0.123609,0.455646,-0.062364,0.0021985,-1.18459935,-0.00093185,1.702757
89,SHERPUR,8988,SHERPUR SADAR,1.61568,1.72981,0.34176,7.32734,-1.30283,-0.1844,0.161568,0.518943,0.017088,0.366367,-0.64490085,-0.000922,1.70794485
49,KURIGRAM,4908,CHAR RAJIBPUR,2.89071,2.7094,-0.47338,-0.20755,-1.32508,-0.166,0.289071,0.81282,-0.023669,-0.0103775,-0.6559146,-0.00083,1.7229291
61,MYMENSINGH,6116,DHOBAURA,1.88821,1.91065,-0.33146,-0.1179,-2.11499,-0.41205,0.188821,0.573195,-0.016573,-0.005895,-1.04692005,-0.00206025,1.7844078
